season,date,home_team,away_team,home_goals,away_goals,home_shots,away_shots,home_win,draw,away_win,home_points,away_points,home_gd,away_gd
2022/2023,2022-08-05 19:00:00+00:00,Crystal Palace,Arsenal,0,2,,,0,0,1,0,3,-2,2
2022/2023,2022-08-06 11:30:00+00:00,Fulham,Liverpool,2,2,,,0,1,0,1,1,0,0
2022/2023,2022-08-06 14:00:00+00:00,Newcastle,Nottingham Forest,2,0,,,1,0,0,3,0,2,-2
2022/2023,2022-08-06 14:00:00+00:00,Bournemouth,Aston Villa,2,0,,,1,0,0,3,0,2,-2
2022/2023,2022-08-06 14:00:00+00:00,Tottenham,Southampton,4,1,,,1,0,0,3,0,3,-3
2022/2023,2022-08-06 14:00:00+00:00,Leeds,Wolves,2,1,,,1,0,0,3,0,1,-1
2022/2023,2022-08-06 16:30:00+00:00,Everton,Chelsea,0,1,,,0,0,1,0,3,-1,1
2022/2023,2022-08-07 13:00:00+00:00,Manchester United,Brighton,1,2,,,0,0,1,0,3,-1,1
2022/2023,2022-08-07 13:00:00+00:00,Leicester,Brentford,2,2,,,0,1,0,1,1,0,0
2022/2023,2022-08-07 15:30:00+00:00,West Ham,Manchester City,0,2,,,0,0,1,0,3,-2,2
2022/2023,2022-08-13 11:30:00+00:00,Aston Villa,Everton,2,1,,,1,0,0,3,0,1,-1
2022/2023,2022-08-13 14:00:00+00:00,Wolves,Fulham,0,0,,,0,1,0,1,1,0,0
2022/2023,2022-08-13 14:00:00+00:00,Southampton,Leeds,2,2,,,0,1,0,1,1,0,0
2022/2023,2022-08-13 14:00:00+00:00,Arsenal,Leicester,4,2,,,1,0,0,3,0,2,-2
2022/2023,2022-08-13 14:00:00+00:00,Manchester City,Bournemouth,4,0,,,1,0,0,3,0,4,-4
2022/2023,2022-08-13 14:00:00+00:00,Brighton,Newcastle,0,0,,,0,1,0,1,1,0,0
2022/2023,2022-08-13 16:30:00+00:00,Brentford,Manchester United,4,0,,,1,0,0,3,0,4,-4
2022/2023,2022-08-14 13:00:00+00:00,Nottingham Forest,West Ham,1,0,,,1,0,0,3,0,1,-1
2022/2023,2022-08-14 15:30:00+00:00,Chelsea,Tottenham,2,2,,,0,1,0,1,1,0,0
2022/2023,2022-08-15 19:00:00+00:00,Liverpool,Crystal Palace,1,1,,,0,1,0,1,1,0,0
2022/2023,2022-08-20 11:30:00+00:00,Tottenham,Wolves,1,0,,,1,0,0,3,0,1,-1
2022/2023,2022-08-20 14:00:00+00:00,Fulham,Brentford,3,2,,,1,0,0,3,0,1,-1
2022/2023,2022-08-20 14:00:00+00:00,Everton,Nottingham Forest,1,1,,,0,1,0,1,1,0,0
2022/2023,2022-08-20 14:00:00+00:00,Leicester,Southampton,1,2,,,0,0,1,0,3,-1,1
2022/2023,2022-08-20 14:00:00+00:00,Crystal Palace,Aston Villa,3,1,,,1,0,0,3,0,2,-2
2022/2023,2022-08-20 16:30:00+00:00,Bournemouth,Arsenal,0,3,,,0,0,1,0,3,-3,3
2022/2023,2022-08-21 13:00:00+00:00,West Ham,Brighton,0,2,,,0,0,1,0,3,-2,2
2022/2023,2022-08-21 13:00:00+00:00,Leeds,Chelsea,3,0,,,1,0,0,3,0,3,-3
2022/2023,2022-08-21 15:30:00+00:00,Newcastle,Manchester City,3,3,,,0,1,0,1,1,0,0
2022/2023,2022-08-22 19:00:00+00:00,Manchester United,Liverpool,2,1,,,1,0,0,3,0,1,-1
2022/2023,2022-08-27 11:30:00+00:00,Southampton,Manchester United,0,1,,,0,0,1,0,3,-1,1
2022/2023,2022-08-27 14:00:00+00:00,Brentford,Everton,1,1,,,0,1,0,1,1,0,0
2022/2023,2022-08-27 14:00:00+00:00,Manchester City,Crystal Palace,4,2,,,1,0,0,3,0,2,-2
2022/2023,2022-08-27 14:00:00+00:00,Brighton,Leeds,1,0,,,1,0,0,3,0,1,-1
2022/2023,2022-08-27 14:00:00+00:00,Liverpool,Bournemouth,9,0,,,1,0,0,3,0,9,-9
2022/2023,2022-08-27 14:00:00+00:00,Chelsea,Leicester,2,1,,,1,0,0,3,0,1,-1
2022/2023,2022-08-27 16:30:00+00:00,Arsenal,Fulham,2,1,,,1,0,0,3,0,1,-1
2022/2023,2022-08-28 13:00:00+00:00,Wolves,Newcastle,1,1,,,0,1,0,1,1,0,0
2022/2023,2022-08-28 13:00:00+00:00,Aston Villa,West Ham,0,1,,,0,0,1,0,3,-1,1
2022/2023,2022-08-28 15:30:00+00:00,Nottingham Forest,Tottenham,0,2,,,0,0,1,0,3,-2,2
2022/2023,2022-08-30 18:30:00+00:00,Fulham,Brighton,2,1,,,1,0,0,3,0,1,-1
2022/2023,2022-08-30 18:30:00+00:00,Crystal Palace,Brentford,1,1,,,0,1,0,1,1,0,0
2022/2023,2022-08-30 18:45:00+00:00,Southampton,Chelsea,2,1,,,1,0,0,3,0,1,-1
2022/2023,2022-08-30 19:00:00+00:00,Leeds,Everton,1,1,,,0,1,0,1,1,0,0
2022/2023,2022-08-31 18:30:00+00:00,Bournemouth,Wolves,0,0,,,0,1,0,1,1,0,0
2022/2023,2022-08-31 18:30:00+00:00,Arsenal,Aston Villa,2,1,,,1,0,0,3,0,1,-1
2022/2023,2022-08-31 18:30:00+00:00,Manchester City,Nottingham Forest,6,0,,,1,0,0,3,0,6,-6
2022/2023,2022-08-31 18:45:00+00:00,West Ham,Tottenham,1,1,,,0,1,0,1,1,0,0
2022/2023,2022-08-31 19:00:00+00:00,Liverpool,Newcastle,2,1,,,1,0,0,3,0,1,-1
2022/2023,2022-09-01 19:00:00+00:00,Leicester,Manchester United,0,1,,,0,0,1,0,3,-1,1
2022/2023,2022-09-03 11:30:00+00:00,Everton,Liverpool,0,0,,,0,1,0,1,1,0,0
2022/2023,2022-09-03 14:00:00+00:00,Brentford,Leeds,5,2,,,1,0,0,3,0,3,-3
2022/2023,2022-09-03 14:00:00+00:00,Nottingham Forest,Bournemouth,2,3,,,0,0,1,0,3,-1,1
2022/2023,2022-09-03 14:00:00+00:00,Chelsea,West Ham,2,1,,,1,0,0,3,0,1,-1
2022/2023,2022-09-03 14:00:00+00:00,Newcastle,Crystal Palace,0,0,,,0,1,0,1,1,0,0
2022/2023,2022-09-03 14:00:00+00:00,Wolves,Southampton,1,0,,,1,0,0,3,0,1,-1
2022/2023,2022-09-03 14:00:00+00:00,Tottenham,Fulham,2,1,,,1,0,0,3,0,1,-1
2022/2023,2022-09-03 16:30:00+00:00,Aston Villa,Manchester City,1,1,,,0,1,0,1,1,0,0
2022/2023,2022-09-04 13:00:00+00:00,Brighton,Leicester,5,2,,,1,0,0,3,0,3,-3
2022/2023,2022-09-04 15:30:00+00:00,Manchester United,Arsenal,3,1,,,1,0,0,3,0,2,-2
2022/2023,2022-09-16 19:00:00+00:00,Nottingham Forest,Fulham,2,3,,,0,0,1,0,3,-1,1
2022/2023,2022-09-16 19:00:00+00:00,Aston Villa,Southampton,1,0,,,1,0,0,3,0,1,-1
2022/2023,2022-09-17 11:30:00+00:00,Wolves,Manchester City,0,3,,,0,0,1,0,3,-3,3
2022/2023,2022-09-17 14:00:00+00:00,Newcastle,Bournemouth,1,1,,,0,1,0,1,1,0,0
2022/2023,2022-09-17 16:30:00+00:00,Tottenham,Leicester,6,2,,,1,0,0,3,0,4,-4
2022/2023,2022-09-18 11:00:00+00:00,Brentford,Arsenal,0,3,,,0,0,1,0,3,-3,3
2022/2023,2022-09-18 13:15:00+00:00,Everton,West Ham,1,0,,,1,0,0,3,0,1,-1
2022/2023,2022-10-01 11:30:00+00:00,Arsenal,Tottenham,3,1,,,1,0,0,3,0,2,-2
2022/2023,2022-10-01 14:00:00+00:00,Crystal Palace,Chelsea,1,2,,,0,0,1,0,3,-1,1
2022/2023,2022-10-01 14:00:00+00:00,Southampton,Everton,1,2,,,0,0,1,0,3,-1,1
2022/2023,2022-10-01 14:00:00+00:00,Fulham,Newcastle,1,4,,,0,0,1,0,3,-3,3
2022/2023,2022-10-01 14:00:00+00:00,Liverpool,Brighton,3,3,,,0,1,0,1,1,0,0
2022/2023,2022-10-01 14:00:00+00:00,Bournemouth,Brentford,0,0,,,0,1,0,1,1,0,0
2022/2023,2022-10-01 16:30:00+00:00,West Ham,Wolves,2,0,,,1,0,0,3,0,2,-2
2022/2023,2022-10-02 13:00:00+00:00,Manchester City,Manchester United,6,3,,,1,0,0,3,0,3,-3
2022/2023,2022-10-02 15:30:00+00:00,Leeds,Aston Villa,0,0,,,0,1,0,1,1,0,0
2022/2023,2022-10-03 19:00:00+00:00,Leicester,Nottingham Forest,4,0,,,1,0,0,3,0,4,-4
2022/2023,2022-10-08 14:00:00+00:00,Newcastle,Brentford,5,1,,,1,0,0,3,0,4,-4
2022/2023,2022-10-08 14:00:00+00:00,Bournemouth,Leicester,2,1,,,1,0,0,3,0,1,-1
2022/2023,2022-10-08 14:00:00+00:00,Chelsea,Wolves,3,0,,,1,0,0,3,0,3,-3
2022/2023,2022-10-08 14:00:00+00:00,Manchester City,Southampton,4,0,,,1,0,0,3,0,4,-4
2022/2023,2022-10-08 16:30:00+00:00,Brighton,Tottenham,0,1,,,0,0,1,0,3,-1,1
2022/2023,2022-10-09 13:00:00+00:00,West Ham,Fulham,3,1,,,1,0,0,3,0,2,-2
2022/2023,2022-10-09 13:00:00+00:00,Crystal Palace,Leeds,2,1,,,1,0,0,3,0,1,-1
2022/2023,2022-10-09 15:30:00+00:00,Arsenal,Liverpool,3,2,,,1,0,0,3,0,1,-1
2022/2023,2022-10-09 18:00:00+00:00,Everton,Manchester United,1,2,,,0,0,1,0,3,-1,1
2022/2023,2022-10-10 19:00:00+00:00,Nottingham Forest,Aston Villa,1,1,,,0,1,0,1,1,0,0
2022/2023,2022-10-14 19:00:00+00:00,Brentford,Brighton,2,0,,,1,0,0,3,0,2,-2
2022/2023,2022-10-15 11:30:00+00:00,Leicester,Crystal Palace,0,0,,,0,1,0,1,1,0,0
2022/2023,2022-10-15 14:00:00+00:00,Fulham,Bournemouth,2,2,,,0,1,0,1,1,0,0
2022/2023,2022-10-15 14:00:00+00:00,Wolves,Nottingham Forest,1,0,,,1,0,0,3,0,1,-1
2022/2023,2022-10-15 16:30:00+00:00,Tottenham,Everton,2,0,,,1,0,0,3,0,2,-2
2022/2023,2022-10-16 13:00:00+00:00,Manchester United,Newcastle,0,0,,,0,1,0,1,1,0,0
2022/2023,2022-10-16 13:00:00+00:00,Southampton,West Ham,1,1,,,0,1,0,1,1,0,0
2022/2023,2022-10-16 13:00:00+00:00,Leeds,Arsenal,0,1,,,0,0,1,0,3,-1,1
2022/2023,2022-10-16 13:00:00+00:00,Aston Villa,Chelsea,0,2,,,0,0,1,0,3,-2,2
2022/2023,2022-10-16 15:30:00+00:00,Liverpool,Manchester City,1,0,,,1,0,0,3,0,1,-1
2022/2023,2022-10-18 18:30:00+00:00,Brighton,Nottingham Forest,0,0,,,0,1,0,1,1,0,0
2022/2023,2022-10-18 19:15:00+00:00,Crystal Palace,Wolves,2,1,,,1,0,0,3,0,1,-1
2022/2023,2022-10-19 18:30:00+00:00,Newcastle,Everton,1,0,,,1,0,0,3,0,1,-1
2022/2023,2022-10-19 18:30:00+00:00,Bournemouth,Southampton,0,1,,,0,0,1,0,3,-1,1
2022/2023,2022-10-19 18:30:00+00:00,Liverpool,West Ham,1,0,,,1,0,0,3,0,1,-1
2022/2023,2022-10-19 18:30:00+00:00,Brentford,Chelsea,0,0,,,0,1,0,1,1,0,0
2022/2023,2022-10-19 19:15:00+00:00,Manchester United,Tottenham,2,0,,,1,0,0,3,0,2,-2
2022/2023,2022-10-20 18:30:00+00:00,Fulham,Aston Villa,3,0,,,1,0,0,3,0,3,-3
2022/2023,2022-10-20 19:15:00+00:00,Leicester,Leeds,2,0,,,1,0,0,3,0,2,-2
2022/2023,2022-10-22 11:30:00+00:00,Nottingham Forest,Liverpool,1,0,,,1,0,0,3,0,1,-1
2022/2023,2022-10-22 14:00:00+00:00,Everton,Crystal Palace,3,0,,,1,0,0,3,0,3,-3
2022/2023,2022-10-22 14:00:00+00:00,Manchester City,Brighton,3,1,,,1,0,0,3,0,2,-2
2022/2023,2022-10-22 16:30:00+00:00,Chelsea,Manchester United,1,1,,,0,1,0,1,1,0,0
2022/2023,2022-10-23 13:00:00+00:00,Wolves,Leicester,0,4,,,0,0,1,0,3,-4,4
2022/2023,2022-10-23 13:00:00+00:00,Southampton,Arsenal,1,1,,,0,1,0,1,1,0,0
2022/2023,2022-10-23 13:00:00+00:00,Leeds,Fulham,2,3,,,0,0,1,0,3,-1,1
2022/2023,2022-10-23 13:00:00+00:00,Aston Villa,Brentford,4,0,,,1,0,0,3,0,4,-4
2022/2023,2022-10-23 15:30:00+00:00,Tottenham,Newcastle,1,2,,,0,0,1,0,3,-1,1
2022/2023,2022-10-24 19:00:00+00:00,West Ham,Bournemouth,2,0,,,1,0,0,3,0,2,-2
2022/2023,2022-10-29 11:30:00+00:00,Leicester,Manchester City,0,1,,,0,0,1,0,3,-1,1
2022/2023,2022-10-29 14:00:00+00:00,Brentford,Wolves,1,1,,,0,1,0,1,1,0,0
2022/2023,2022-10-29 14:00:00+00:00,Brighton,Chelsea,4,1,,,1,0,0,3,0,3,-3
2022/2023,2022-10-29 14:00:00+00:00,Crystal Palace,Southampton,1,0,,,1,0,0,3,0,1,-1
2022/2023,2022-10-29 14:00:00+00:00,Newcastle,Aston Villa,4,0,,,1,0,0,3,0,4,-4
2022/2023,2022-10-29 14:00:00+00:00,Bournemouth,Tottenham,2,3,,,0,0,1,0,3,-1,1
2022/2023,2022-10-29 16:30:00+00:00,Fulham,Everton,0,0,,,0,1,0,1,1,0,0
2022/2023,2022-10-29 18:45:00+00:00,Liverpool,Leeds,1,2,,,0,0,1,0,3,-1,1
2022/2023,2022-10-30 14:00:00+00:00,Arsenal,Nottingham Forest,5,0,,,1,0,0,3,0,5,-5
2022/2023,2022-10-30 16:15:00+00:00,Manchester United,West Ham,1,0,,,1,0,0,3,0,1,-1
2022/2023,2022-11-05 15:00:00+00:00,Leeds,Bournemouth,4,3,,,1,0,0,3,0,1,-1
2022/2023,2022-11-05 15:00:00+00:00,Wolves,Brighton,2,3,,,0,0,1,0,3,-1,1
2022/2023,2022-11-05 15:00:00+00:00,Manchester City,Fulham,2,1,,,1,0,0,3,0,1,-1
2022/2023,2022-11-05 15:00:00+00:00,Nottingham Forest,Brentford,2,2,,,0,1,0,1,1,0,0
2022/2023,2022-11-05 17:30:00+00:00,Everton,Leicester,0,2,,,0,0,1,0,3,-2,2
2022/2023,2022-11-06 12:00:00+00:00,Chelsea,Arsenal,0,1,,,0,0,1,0,3,-1,1
2022/2023,2022-11-06 14:00:00+00:00,Southampton,Newcastle,1,4,,,0,0,1,0,3,-3,3
2022/2023,2022-11-06 14:00:00+00:00,West Ham,Crystal Palace,1,2,,,0,0,1,0,3,-1,1
2022/2023,2022-11-06 14:00:00+00:00,Aston Villa,Manchester United,3,1,,,1,0,0,3,0,2,-2
2022/2023,2022-11-06 16:30:00+00:00,Tottenham,Liverpool,1,2,,,0,0,1,0,3,-1,1
2022/2023,2022-11-12 12:30:00+00:00,Manchester City,Brentford,1,2,,,0,0,1,0,3,-1,1
2022/2023,2022-11-12 15:00:00+00:00,West Ham,Leicester,0,2,,,0,0,1,0,3,-2,2
2022/2023,2022-11-12 15:00:00+00:00,Tottenham,Leeds,4,3,,,1,0,0,3,0,1,-1
2022/2023,2022-11-12 15:00:00+00:00,Nottingham Forest,Crystal Palace,1,0,,,1,0,0,3,0,1,-1
2022/2023,2022-11-12 15:00:00+00:00,Bournemouth,Everton,3,0,,,1,0,0,3,0,3,-3
2022/2023,2022-11-12 15:00:00+00:00,Liverpool,Southampton,3,1,,,1,0,0,3,0,2,-2
2022/2023,2022-11-12 17:30:00+00:00,Newcastle,Chelsea,1,0,,,1,0,0,3,0,1,-1
2022/2023,2022-11-12 19:45:00+00:00,Wolves,Arsenal,0,2,,,0,0,1,0,3,-2,2
2022/2023,2022-11-13 14:00:00+00:00,Brighton,Aston Villa,1,2,,,0,0,1,0,3,-1,1
2022/2023,2022-11-13 16:30:00+00:00,Fulham,Manchester United,1,2,,,0,0,1,0,3,-1,1
2022/2023,2022-12-26 12:30:00+00:00,Brentford,Tottenham,2,2,,,0,1,0,1,1,0,0
2022/2023,2022-12-26 15:00:00+00:00,Crystal Palace,Fulham,0,3,,,0,0,1,0,3,-3,3
2022/2023,2022-12-26 15:00:00+00:00,Leicester,Newcastle,0,3,,,0,0,1,0,3,-3,3
2022/2023,2022-12-26 15:00:00+00:00,Everton,Wolves,1,2,,,0,0,1,0,3,-1,1
2022/2023,2022-12-26 15:00:00+00:00,Southampton,Brighton,1,3,,,0,0,1,0,3,-2,2
2022/2023,2022-12-26 17:30:00+00:00,Aston Villa,Liverpool,1,3,,,0,0,1,0,3,-2,2
2022/2023,2022-12-26 20:00:00+00:00,Arsenal,West Ham,3,1,,,1,0,0,3,0,2,-2
2022/2023,2022-12-27 17:30:00+00:00,Chelsea,Bournemouth,2,0,,,1,0,0,3,0,2,-2
2022/2023,2022-12-27 20:00:00+00:00,Manchester United,Nottingham Forest,3,0,,,1,0,0,3,0,3,-3
2022/2023,2022-12-28 20:00:00+00:00,Leeds,Manchester City,1,3,,,0,0,1,0,3,-2,2
2022/2023,2022-12-30 19:45:00+00:00,West Ham,Brentford,0,2,,,0,0,1,0,3,-2,2
2022/2023,2022-12-30 20:00:00+00:00,Liverpool,Leicester,2,1,,,1,0,0,3,0,1,-1
2022/2023,2022-12-31 12:30:00+00:00,Wolves,Manchester United,0,1,,,0,0,1,0,3,-1,1
2022/2023,2022-12-31 15:00:00+00:00,Newcastle,Leeds,0,0,,,0,1,0,1,1,0,0
2022/2023,2022-12-31 15:00:00+00:00,Bournemouth,Crystal Palace,0,2,,,0,0,1,0,3,-2,2
2022/2023,2022-12-31 15:00:00+00:00,Fulham,Southampton,2,1,,,1,0,0,3,0,1,-1
2022/2023,2022-12-31 15:00:00+00:00,Manchester City,Everton,1,1,,,0,1,0,1,1,0,0
2022/2023,2022-12-31 17:30:00+00:00,Brighton,Arsenal,2,4,,,0,0,1,0,3,-2,2
2022/2023,2023-01-01 14:00:00+00:00,Tottenham,Aston Villa,0,2,,,0,0,1,0,3,-2,2
2022/2023,2023-01-01 16:30:00+00:00,Nottingham Forest,Chelsea,1,1,,,0,1,0,1,1,0,0
2022/2023,2023-01-02 17:30:00+00:00,Brentford,Liverpool,3,1,,,1,0,0,3,0,2,-2
2022/2023,2023-01-03 19:45:00+00:00,Arsenal,Newcastle,0,0,,,0,1,0,1,1,0,0
2022/2023,2023-01-03 19:45:00+00:00,Everton,Brighton,1,4,,,0,0,1,0,3,-3,3
2022/2023,2023-01-03 19:45:00+00:00,Leicester,Fulham,0,1,,,0,0,1,0,3,-1,1
2022/2023,2023-01-03 20:00:00+00:00,Manchester United,Bournemouth,3,0,,,1,0,0,3,0,3,-3
2022/2023,2023-01-04 19:30:00+00:00,Southampton,Nottingham Forest,0,1,,,0,0,1,0,3,-1,1
2022/2023,2023-01-04 19:45:00+00:00,Leeds,West Ham,2,2,,,0,1,0,1,1,0,0
2022/2023,2023-01-04 20:00:00+00:00,Crystal Palace,Tottenham,0,4,,,0,0,1,0,3,-4,4
2022/2023,2023-01-04 20:00:00+00:00,Aston Villa,Wolves,1,1,,,0,1,0,1,1,0,0
2022/2023,2023-01-05 20:00:00+00:00,Chelsea,Manchester City,0,1,,,0,0,1,0,3,-1,1
2022/2023,2023-01-12 20:00:00+00:00,Fulham,Chelsea,2,1,,,1,0,0,3,0,1,-1
2022/2023,2023-01-13 20:00:00+00:00,Aston Villa,Leeds,2,1,,,1,0,0,3,0,1,-1
2022/2023,2023-01-14 12:30:00+00:00,Manchester United,Manchester City,2,1,,,1,0,0,3,0,1,-1
2022/2023,2023-01-14 15:00:00+00:00,Wolves,West Ham,1,0,,,1,0,0,3,0,1,-1
2022/2023,2023-01-14 15:00:00+00:00,Everton,Southampton,1,2,,,0,0,1,0,3,-1,1
2022/2023,2023-01-14 15:00:00+00:00,Brighton,Liverpool,3,0,,,1,0,0,3,0,3,-3
2022/2023,2023-01-14 15:00:00+00:00,Nottingham Forest,Leicester,2,0,,,1,0,0,3,0,2,-2
2022/2023,2023-01-14 17:30:00+00:00,Brentford,Bournemouth,2,0,,,1,0,0,3,0,2,-2
2022/2023,2023-01-15 14:00:00+00:00,Chelsea,Crystal Palace,1,0,,,1,0,0,3,0,1,-1
2022/2023,2023-01-15 14:00:00+00:00,Newcastle,Fulham,1,0,,,1,0,0,3,0,1,-1
2022/2023,2023-01-15 16:30:00+00:00,Tottenham,Arsenal,0,2,,,0,0,1,0,3,-2,2
2022/2023,2023-01-18 20:00:00+00:00,Crystal Palace,Manchester United,1,1,,,0,1,0,1,1,0,0
2022/2023,2023-01-19 20:00:00+00:00,Manchester City,Tottenham,4,2,,,1,0,0,3,0,2,-2
2022/2023,2023-01-21 12:30:00+00:00,Liverpool,Chelsea,0,0,,,0,1,0,1,1,0,0
2022/2023,2023-01-21 15:00:00+00:00,Leicester,Brighton,2,2,,,0,1,0,1,1,0,0
2022/2023,2023-01-21 15:00:00+00:00,Bournemouth,Nottingham Forest,1,1,,,0,1,0,1,1,0,0
2022/2023,2023-01-21 15:00:00+00:00,Southampton,Aston Villa,0,1,,,0,0,1,0,3,-1,1
2022/2023,2023-01-21 15:00:00+00:00,West Ham,Everton,2,0,,,1,0,0,3,0,2,-2
2022/2023,2023-01-21 17:30:00+00:00,Crystal Palace,Newcastle,0,0,,,0,1,0,1,1,0,0
2022/2023,2023-01-22 14:00:00+00:00,Manchester City,Wolves,3,0,,,1,0,0,3,0,3,-3
2022/2023,2023-01-22 14:00:00+00:00,Leeds,Brentford,0,0,,,0,1,0,1,1,0,0
2022/2023,2023-01-22 16:30:00+00:00,Arsenal,Manchester United,3,2,,,1,0,0,3,0,1,-1
2022/2023,2023-01-23 20:00:00+00:00,Fulham,Tottenham,0,1,,,0,0,1,0,3,-1,1
2022/2023,2023-02-03 20:00:00+00:00,Chelsea,Fulham,0,0,,,0,1,0,1,1,0,0
2022/2023,2023-02-04 12:30:00+00:00,Everton,Arsenal,1,0,,,1,0,0,3,0,1,-1
2022/2023,2023-02-04 15:00:00+00:00,Aston Villa,Leicester,2,4,,,0,0,1,0,3,-2,2
2022/2023,2023-02-04 15:00:00+00:00,Brentford,Southampton,3,0,,,1,0,0,3,0,3,-3
2022/2023,2023-02-04 15:00:00+00:00,Brighton,Bournemouth,1,0,,,1,0,0,3,0,1,-1
2022/2023,2023-02-04 15:00:00+00:00,Wolves,Liverpool,3,0,,,1,0,0,3,0,3,-3
2022/2023,2023-02-04 15:00:00+00:00,Manchester United,Crystal Palace,2,1,,,1,0,0,3,0,1,-1
2022/2023,2023-02-04 17:30:00+00:00,Newcastle,West Ham,1,1,,,0,1,0,1,1,0,0
2022/2023,2023-02-05 14:00:00+00:00,Nottingham Forest,Leeds,1,0,,,1,0,0,3,0,1,-1
2022/2023,2023-02-05 16:30:00+00:00,Tottenham,Manchester City,1,0,,,1,0,0,3,0,1,-1
2022/2023,2023-02-08 20:00:00+00:00,Manchester United,Leeds,2,2,,,0,1,0,1,1,0,0
2022/2023,2023-02-11 12:30:00+00:00,West Ham,Chelsea,1,1,,,0,1,0,1,1,0,0
2022/2023,2023-02-11 15:00:00+00:00,Crystal Palace,Brighton,1,1,,,0,1,0,1,1,0,0
2022/2023,2023-02-11 15:00:00+00:00,Leicester,Tottenham,4,1,,,1,0,0,3,0,3,-3
2022/2023,2023-02-11 15:00:00+00:00,Fulham,Nottingham Forest,2,0,,,1,0,0,3,0,2,-2
2022/2023,2023-02-11 15:00:00+00:00,Southampton,Wolves,1,2,,,0,0,1,0,3,-1,1
2022/2023,2023-02-11 15:00:00+00:00,Arsenal,Brentford,1,1,,,0,1,0,1,1,0,0
2022/2023,2023-02-11 17:30:00+00:00,Bournemouth,Newcastle,1,1,,,0,1,0,1,1,0,0
2022/2023,2023-02-12 14:00:00+00:00,Leeds,Manchester United,0,2,,,0,0,1,0,3,-2,2
2022/2023,2023-02-12 16:30:00+00:00,Manchester City,Aston Villa,3,1,,,1,0,0,3,0,2,-2
2022/2023,2023-02-13 20:00:00+00:00,Liverpool,Everton,2,0,,,1,0,0,3,0,2,-2
2022/2023,2023-02-15 19:30:00+00:00,Arsenal,Manchester City,1,3,,,0,0,1,0,3,-2,2
2022/2023,2023-02-18 12:30:00+00:00,Aston Villa,Arsenal,2,4,,,0,0,1,0,3,-2,2
2022/2023,2023-02-18 15:00:00+00:00,Wolves,Bournemouth,0,1,,,0,0,1,0,3,-1,1
2022/2023,2023-02-18 15:00:00+00:00,Everton,Leeds,1,0,,,1,0,0,3,0,1,-1
2022/2023,2023-02-18 15:00:00+00:00,Chelsea,Southampton,0,1,,,0,0,1,0,3,-1,1
2022/2023,2023-02-18 15:00:00+00:00,Brighton,Fulham,0,1,,,0,0,1,0,3,-1,1
2022/2023,2023-02-18 15:00:00+00:00,Brentford,Crystal Palace,1,1,,,0,1,0,1,1,0,0
2022/2023,2023-02-18 15:00:00+00:00,Nottingham Forest,Manchester City,1,1,,,0,1,0,1,1,0,0
2022/2023,2023-02-18 17:30:00+00:00,Newcastle,Liverpool,0,2,,,0,0,1,0,3,-2,2
2022/2023,2023-02-19 14:00:00+00:00,Manchester United,Leicester,3,0,,,1,0,0,3,0,3,-3
2022/2023,2023-02-19 16:30:00+00:00,Tottenham,West Ham,2,0,,,1,0,0,3,0,2,-2
2022/2023,2023-02-24 20:00:00+00:00,Fulham,Wolves,1,1,,,0,1,0,1,1,0,0
2022/2023,2023-02-25 15:00:00+00:00,Everton,Aston Villa,0,2,,,0,0,1,0,3,-2,2
2022/2023,2023-02-25 15:00:00+00:00,Leicester,Arsenal,0,1,,,0,0,1,0,3,-1,1
2022/2023,2023-02-25 15:00:00+00:00,West Ham,Nottingham Forest,4,0,,,1,0,0,3,0,4,-4
2022/2023,2023-02-25 15:00:00+00:00,Leeds,Southampton,1,0,,,1,0,0,3,0,1,-1
2022/2023,2023-02-25 17:30:00+00:00,Bournemouth,Manchester City,1,4,,,0,0,1,0,3,-3,3
2022/2023,2023-02-25 19:45:00+00:00,Crystal Palace,Liverpool,0,0,,,0,1,0,1,1,0,0
2022/2023,2023-02-26 13:30:00+00:00,Tottenham,Chelsea,2,0,,,1,0,0,3,0,2,-2
2022/2023,2023-03-01 19:45:00+00:00,Arsenal,Everton,4,0,,,1,0,0,3,0,4,-4
2022/2023,2023-03-01 20:00:00+00:00,Liverpool,Wolves,2,0,,,1,0,0,3,0,2,-2
2022/2023,2023-03-04 12:30:00+00:00,Manchester City,Newcastle,2,0,,,1,0,0,3,0,2,-2
2022/2023,2023-03-04 15:00:00+00:00,Wolves,Tottenham,1,0,,,1,0,0,3,0,1,-1
2022/2023,2023-03-04 15:00:00+00:00,Arsenal,Bournemouth,3,2,,,1,0,0,3,0,1,-1
2022/2023,2023-03-04 15:00:00+00:00,Chelsea,Leeds,1,0,,,1,0,0,3,0,1,-1
2022/2023,2023-03-04 15:00:00+00:00,Brighton,West Ham,4,0,,,1,0,0,3,0,4,-4
2022/2023,2023-03-04 15:00:00+00:00,Aston Villa,Crystal Palace,1,0,,,1,0,0,3,0,1,-1
2022/2023,2023-03-04 17:30:00+00:00,Southampton,Leicester,1,0,,,1,0,0,3,0,1,-1
2022/2023,2023-03-05 14:00:00+00:00,Nottingham Forest,Everton,2,2,,,0,1,0,1,1,0,0
2022/2023,2023-03-05 16:30:00+00:00,Liverpool,Manchester United,7,0,,,1,0,0,3,0,7,-7
2022/2023,2023-03-06 20:00:00+00:00,Brentford,Fulham,3,2,,,1,0,0,3,0,1,-1
2022/2023,2023-03-11 12:30:00+00:00,Bournemouth,Liverpool,1,0,,,1,0,0,3,0,1,-1
2022/2023,2023-03-11 15:00:00+00:00,Everton,Brentford,1,0,,,1,0,0,3,0,1,-1
2022/2023,2023-03-11 15:00:00+00:00,Leicester,Chelsea,1,3,,,0,0,1,0,3,-2,2
2022/2023,2023-03-11 15:00:00+00:00,Tottenham,Nottingham Forest,3,1,,,1,0,0,3,0,2,-2
2022/2023,2023-03-11 15:00:00+00:00,Leeds,Brighton,2,2,,,0,1,0,1,1,0,0
2022/2023,2023-03-11 17:30:00+00:00,Crystal Palace,Manchester City,0,1,,,0,0,1,0,3,-1,1
2022/2023,2023-03-12 14:00:00+00:00,Manchester United,Southampton,0,0,,,0,1,0,1,1,0,0
2022/2023,2023-03-12 14:00:00+00:00,Fulham,Arsenal,0,3,,,0,0,1,0,3,-3,3
2022/2023,2023-03-12 14:00:00+00:00,West Ham,Aston Villa,1,1,,,0,1,0,1,1,0,0
2022/2023,2023-03-12 16:30:00+00:00,Newcastle,Wolves,2,1,,,1,0,0,3,0,1,-1
2022/2023,2023-03-15 19:30:00+00:00,Southampton,Brentford,0,2,,,0,0,1,0,3,-2,2
2022/2023,2023-03-15 19:30:00+00:00,Brighton,Crystal Palace,1,0,,,1,0,0,3,0,1,-1
2022/2023,2023-03-17 20:00:00+00:00,Nottingham Forest,Newcastle,1,2,,,0,0,1,0,3,-1,1
2022/2023,2023-03-18 15:00:00+00:00,Aston Villa,Bournemouth,3,0,,,1,0,0,3,0,3,-3
2022/2023,2023-03-18 15:00:00+00:00,Brentford,Leicester,1,1,,,0,1,0,1,1,0,0
2022/2023,2023-03-18 15:00:00+00:00,Wolves,Leeds,2,4,,,0,0,1,0,3,-2,2
2022/2023,2023-03-18 15:00:00+00:00,Southampton,Tottenham,3,3,,,0,1,0,1,1,0,0
2022/2023,2023-03-18 17:30:00+00:00,Chelsea,Everton,2,2,,,0,1,0,1,1,0,0
2022/2023,2023-03-19 14:00:00+00:00,Arsenal,Crystal Palace,4,1,,,1,0,0,3,0,3,-3
2022/2023,2023-04-01 11:30:00+00:00,Manchester City,Liverpool,4,1,,,1,0,0,3,0,3,-3
2022/2023,2023-04-01 14:00:00+00:00,Crystal Palace,Leicester,2,1,,,1,0,0,3,0,1,-1
2022/2023,2023-04-01 14:00:00+00:00,Bournemouth,Fulham,2,1,,,1,0,0,3,0,1,-1
2022/2023,2023-04-01 14:00:00+00:00,Arsenal,Leeds,4,1,,,1,0,0,3,0,3,-3
2022/2023,2023-04-01 14:00:00+00:00,Brighton,Brentford,3,3,,,0,1,0,1,1,0,0
2022/2023,2023-04-01 14:00:00+00:00,Nottingham Forest,Wolves,1,1,,,0,1,0,1,1,0,0
2022/2023,2023-04-01 16:30:00+00:00,Chelsea,Aston Villa,0,2,,,0,0,1,0,3,-2,2
2022/2023,2023-04-02 13:00:00+00:00,West Ham,Southampton,1,0,,,1,0,0,3,0,1,-1
2022/2023,2023-04-02 15:30:00+00:00,Newcastle,Manchester United,2,0,,,1,0,0,3,0,2,-2
2022/2023,2023-04-03 19:00:00+00:00,Everton,Tottenham,1,1,,,0,1,0,1,1,0,0
2022/2023,2023-04-04 18:45:00+00:00,Leicester,Aston Villa,1,2,,,0,0,1,0,3,-1,1
2022/2023,2023-04-04 18:45:00+00:00,Leeds,Nottingham Forest,2,1,,,1,0,0,3,0,1,-1
2022/2023,2023-04-04 18:45:00+00:00,Bournemouth,Brighton,0,2,,,0,0,1,0,3,-2,2
2022/2023,2023-04-04 19:00:00+00:00,Chelsea,Liverpool,0,0,,,0,1,0,1,1,0,0
2022/2023,2023-04-05 19:00:00+00:00,West Ham,Newcastle,1,5,,,0,0,1,0,3,-4,4
2022/2023,2023-04-05 19:00:00+00:00,Manchester United,Brentford,1,0,,,1,0,0,3,0,1,-1
2022/2023,2023-04-08 11:30:00+00:00,Manchester United,Everton,2,0,,,1,0,0,3,0,2,-2
2022/2023,2023-04-08 14:00:00+00:00,Fulham,West Ham,0,1,,,0,0,1,0,3,-1,1
2022/2023,2023-04-08 14:00:00+00:00,Wolves,Chelsea,1,0,,,1,0,0,3,0,1,-1
2022/2023,2023-04-08 14:00:00+00:00,Leicester,Bournemouth,0,1,,,0,0,1,0,3,-1,1
2022/2023,2023-04-08 14:00:00+00:00,Tottenham,Brighton,2,1,,,1,0,0,3,0,1,-1
2022/2023,2023-04-08 14:00:00+00:00,Brentford,Newcastle,1,2,,,0,0,1,0,3,-1,1
2022/2023,2023-04-08 14:00:00+00:00,Aston Villa,Nottingham Forest,2,0,,,1,0,0,3,0,2,-2
2022/2023,2023-04-08 16:30:00+00:00,Southampton,Manchester City,1,4,,,0,0,1,0,3,-3,3
2022/2023,2023-04-09 13:00:00+00:00,Leeds,Crystal Palace,1,5,,,0,0,1,0,3,-4,4
2022/2023,2023-04-09 15:30:00+00:00,Liverpool,Arsenal,2,2,,,0,1,0,1,1,0,0
2022/2023,2023-04-15 11:30:00+00:00,Aston Villa,Newcastle,3,0,,,1,0,0,3,0,3,-3
2022/2023,2023-04-15 14:00:00+00:00,Wolves,Brentford,2,0,,,1,0,0,3,0,2,-2
2022/2023,2023-04-15 14:00:00+00:00,Southampton,Crystal Palace,0,2,,,0,0,1,0,3,-2,2
2022/2023,2023-04-15 14:00:00+00:00,Everton,Fulham,1,3,,,0,0,1,0,3,-2,2
2022/2023,2023-04-15 14:00:00+00:00,Chelsea,Brighton,1,2,,,0,0,1,0,3,-1,1
2022/2023,2023-04-15 14:15:00+00:00,Tottenham,Bournemouth,2,3,,,0,0,1,0,3,-1,1
2022/2023,2023-04-15 16:30:00+00:00,Manchester City,Leicester,3,1,,,1,0,0,3,0,2,-2
2022/2023,2023-04-16 13:00:00+00:00,West Ham,Arsenal,2,2,,,0,1,0,1,1,0,0
2022/2023,2023-04-16 15:30:00+00:00,Nottingham Forest,Manchester United,0,2,,,0,0,1,0,3,-2,2
2022/2023,2023-04-17 19:00:00+00:00,Leeds,Liverpool,1,6,,,0,0,1,0,3,-5,5
2022/2023,2023-04-21 19:00:00+00:00,Arsenal,Southampton,3,3,,,0,1,0,1,1,0,0
2022/2023,2023-04-22 11:30:00+00:00,Fulham,Leeds,2,1,,,1,0,0,3,0,1,-1
2022/2023,2023-04-22 14:00:00+00:00,Liverpool,Nottingham Forest,3,2,,,1,0,0,3,0,1,-1
2022/2023,2023-04-22 14:00:00+00:00,Leicester,Wolves,2,1,,,1,0,0,3,0,1,-1
2022/2023,2023-04-22 14:00:00+00:00,Crystal Palace,Everton,0,0,,,0,1,0,1,1,0,0
2022/2023,2023-04-22 14:00:00+00:00,Brentford,Aston Villa,1,1,,,0,1,0,1,1,0,0
2022/2023,2023-04-23 13:00:00+00:00,Newcastle,Tottenham,6,1,,,1,0,0,3,0,5,-5
2022/2023,2023-04-23 13:00:00+00:00,Bournemouth,West Ham,0,4,,,0,0,1,0,3,-4,4
2022/2023,2023-04-25 18:30:00+00:00,Wolves,Crystal Palace,2,0,,,1,0,0,3,0,2,-2
2022/2023,2023-04-25 18:45:00+00:00,Aston Villa,Fulham,1,0,,,1,0,0,3,0,1,-1
2022/2023,2023-04-25 19:00:00+00:00,Leeds,Leicester,1,1,,,0,1,0,1,1,0,0
2022/2023,2023-04-26 18:30:00+00:00,Nottingham Forest,Brighton,3,1,,,1,0,0,3,0,2,-2
2022/2023,2023-04-26 18:45:00+00:00,Chelsea,Brentford,0,2,,,0,0,1,0,3,-2,2
2022/2023,2023-04-26 18:45:00+00:00,West Ham,Liverpool,1,2,,,0,0,1,0,3,-1,1
2022/2023,2023-04-26 19:00:00+00:00,Manchester City,Arsenal,4,1,,,1,0,0,3,0,3,-3
2022/2023,2023-04-27 18:45:00+00:00,Southampton,Bournemouth,0,1,,,0,0,1,0,3,-1,1
2022/2023,2023-04-27 18:45:00+00:00,Everton,Newcastle,1,4,,,0,0,1,0,3,-3,3
2022/2023,2023-04-27 19:15:00+00:00,Tottenham,Manchester United,2,2,,,0,1,0,1,1,0,0
2022/2023,2023-04-29 11:30:00+00:00,Crystal Palace,West Ham,4,3,,,1,0,0,3,0,1,-1
2022/2023,2023-04-29 14:00:00+00:00,Brighton,Wolves,6,0,,,1,0,0,3,0,6,-6
2022/2023,2023-04-29 14:00:00+00:00,Brentford,Nottingham Forest,2,1,,,1,0,0,3,0,1,-1
2022/2023,2023-04-30 13:00:00+00:00,Fulham,Manchester City,1,2,,,0,0,1,0,3,-1,1
2022/2023,2023-04-30 13:00:00+00:00,Bournemouth,Leeds,4,1,,,1,0,0,3,0,3,-3
2022/2023,2023-04-30 13:00:00+00:00,Manchester United,Aston Villa,1,0,,,1,0,0,3,0,1,-1
2022/2023,2023-04-30 13:00:00+00:00,Newcastle,Southampton,3,1,,,1,0,0,3,0,2,-2
2022/2023,2023-04-30 15:30:00+00:00,Liverpool,Tottenham,4,3,,,1,0,0,3,0,1,-1
2022/2023,2023-05-01 19:00:00+00:00,Leicester,Everton,2,2,,,0,1,0,1,1,0,0
2022/2023,2023-05-02 19:00:00+00:00,Arsenal,Chelsea,3,1,,,1,0,0,3,0,2,-2
2022/2023,2023-05-03 19:00:00+00:00,Liverpool,Fulham,1,0,,,1,0,0,3,0,1,-1
2022/2023,2023-05-03 19:00:00+00:00,Manchester City,West Ham,3,0,,,1,0,0,3,0,3,-3
2022/2023,2023-05-04 19:00:00+00:00,Brighton,Manchester United,1,0,,,1,0,0,3,0,1,-1
2022/2023,2023-05-06 14:00:00+00:00,Bournemouth,Chelsea,1,3,,,0,0,1,0,3,-2,2
2022/2023,2023-05-06 14:00:00+00:00,Wolves,Aston Villa,1,0,,,1,0,0,3,0,1,-1
2022/2023,2023-05-06 14:00:00+00:00,Tottenham,Crystal Palace,1,0,,,1,0,0,3,0,1,-1
2022/2023,2023-05-06 14:00:00+00:00,Manchester City,Leeds,2,1,,,1,0,0,3,0,1,-1
2022/2023,2023-05-06 16:30:00+00:00,Liverpool,Brentford,1,0,,,1,0,0,3,0,1,-1
2022/2023,2023-05-07 15:30:00+00:00,Newcastle,Arsenal,0,2,,,0,0,1,0,3,-2,2
2022/2023,2023-05-07 18:00:00+00:00,West Ham,Manchester United,1,0,,,1,0,0,3,0,1,-1
2022/2023,2023-05-08 14:00:00+00:00,Fulham,Leicester,5,3,,,1,0,0,3,0,2,-2
2022/2023,2023-05-08 16:30:00+00:00,Brighton,Everton,1,5,,,0,0,1,0,3,-4,4
2022/2023,2023-05-08 19:00:00+00:00,Nottingham Forest,Southampton,4,3,,,1,0,0,3,0,1,-1
2022/2023,2023-05-13 11:30:00+00:00,Leeds,Newcastle,2,2,,,0,1,0,1,1,0,0
2022/2023,2023-05-13 14:00:00+00:00,Manchester United,Wolves,2,0,,,1,0,0,3,0,2,-2
2022/2023,2023-05-13 14:00:00+00:00,Southampton,Fulham,0,2,,,0,0,1,0,3,-2,2
2022/2023,2023-05-13 14:00:00+00:00,Chelsea,Nottingham Forest,2,2,,,0,1,0,1,1,0,0
2022/2023,2023-05-13 14:00:00+00:00,Crystal Palace,Bournemouth,2,0,,,1,0,0,3,0,2,-2
2022/2023,2023-05-13 14:00:00+00:00,Aston Villa,Tottenham,2,1,,,1,0,0,3,0,1,-1
2022/2023,2023-05-14 13:00:00+00:00,Everton,Manchester City,0,3,,,0,0,1,0,3,-3,3
2022/2023,2023-05-14 13:00:00+00:00,Brentford,West Ham,2,0,,,1,0,0,3,0,2,-2
2022/2023,2023-05-14 15:30:00+00:00,Arsenal,Brighton,0,3,,,0,0,1,0,3,-3,3
2022/2023,2023-05-15 19:00:00+00:00,Leicester,Liverpool,0,3,,,0,0,1,0,3,-3,3
2022/2023,2023-05-18 18:30:00+00:00,Newcastle,Brighton,4,1,,,1,0,0,3,0,3,-3
2022/2023,2023-05-20 11:30:00+00:00,Tottenham,Brentford,1,3,,,0,0,1,0,3,-2,2
2022/2023,2023-05-20 14:00:00+00:00,Bournemouth,Manchester United,0,1,,,0,0,1,0,3,-1,1
2022/2023,2023-05-20 14:00:00+00:00,Fulham,Crystal Palace,2,2,,,0,1,0,1,1,0,0
2022/2023,2023-05-20 14:00:00+00:00,Wolves,Everton,1,1,,,0,1,0,1,1,0,0
2022/2023,2023-05-20 14:00:00+00:00,Liverpool,Aston Villa,1,1,,,0,1,0,1,1,0,0
2022/2023,2023-05-20 16:30:00+00:00,Nottingham Forest,Arsenal,1,0,,,1,0,0,3,0,1,-1
2022/2023,2023-05-21 12:30:00+00:00,West Ham,Leeds,3,1,,,1,0,0,3,0,2,-2
2022/2023,2023-05-21 13:00:00+00:00,Brighton,Southampton,3,1,,,1,0,0,3,0,2,-2
2022/2023,2023-05-21 15:00:00+00:00,Manchester City,Chelsea,1,0,,,1,0,0,3,0,1,-1
2022/2023,2023-05-22 19:00:00+00:00,Newcastle,Leicester,0,0,,,0,1,0,1,1,0,0
2022/2023,2023-05-24 19:00:00+00:00,Brighton,Manchester City,1,1,,,0,1,0,1,1,0,0
2022/2023,2023-05-25 19:00:00+00:00,Manchester United,Chelsea,4,1,,,1,0,0,3,0,3,-3
2022/2023,2023-05-28 15:30:00+00:00,Aston Villa,Brighton,2,1,,,1,0,0,3,0,1,-1
2022/2023,2023-05-28 15:30:00+00:00,Leeds,Tottenham,1,4,,,0,0,1,0,3,-3,3
2022/2023,2023-05-28 15:30:00+00:00,Brentford,Manchester City,1,0,,,1,0,0,3,0,1,-1
2022/2023,2023-05-28 15:30:00+00:00,Crystal Palace,Nottingham Forest,1,1,,,0,1,0,1,1,0,0
2022/2023,2023-05-28 15:30:00+00:00,Chelsea,Newcastle,1,1,,,0,1,0,1,1,0,0
2022/2023,2023-05-28 15:30:00+00:00,Everton,Bournemouth,1,0,,,1,0,0,3,0,1,-1
2022/2023,2023-05-28 15:30:00+00:00,Arsenal,Wolves,5,0,,,1,0,0,3,0,5,-5
2022/2023,2023-05-28 15:30:00+00:00,Southampton,Liverpool,4,4,,,0,1,0,1,1,0,0
2022/2023,2023-05-28 15:30:00+00:00,Manchester United,Fulham,2,1,,,1,0,0,3,0,1,-1
2022/2023,2023-05-28 15:30:00+00:00,Leicester,West Ham,2,1,,,1,0,0,3,0,1,-1
2023/2024,2023-08-11 19:00:00+00:00,Burnley,Manchester City,0,3,,,0,0,1,0,3,-3,3
2023/2024,2023-08-12 11:30:00+00:00,Arsenal,Nottingham Forest,2,1,,,1,0,0,3,0,1,-1
2023/2024,2023-08-12 14:00:00+00:00,Bournemouth,West Ham,1,1,,,0,1,0,1,1,0,0
2023/2024,2023-08-12 14:00:00+00:00,Everton,Fulham,0,1,,,0,0,1,0,3,-1,1
2023/2024,2023-08-12 14:00:00+00:00,Brighton,Luton,4,1,,,1,0,0,3,0,3,-3
2023/2024,2023-08-12 14:00:00+00:00,Sheffield Utd,Crystal Palace,0,1,,,0,0,1,0,3,-1,1
2023/2024,2023-08-12 16:30:00+00:00,Newcastle,Aston Villa,5,1,,,1,0,0,3,0,4,-4
2023/2024,2023-08-13 13:00:00+00:00,Brentford,Tottenham,2,2,,,0,1,0,1,1,0,0
2023/2024,2023-08-13 15:30:00+00:00,Chelsea,Liverpool,1,1,,,0,1,0,1,1,0,0
2023/2024,2023-08-14 19:00:00+00:00,Manchester United,Wolves,1,0,,,1,0,0,3,0,1,-1
2023/2024,2023-08-18 18:45:00+00:00,Nottingham Forest,Sheffield Utd,2,1,,,1,0,0,3,0,1,-1
2023/2024,2023-08-19 14:00:00+00:00,Liverpool,Bournemouth,3,1,,,1,0,0,3,0,2,-2
2023/2024,2023-08-19 14:00:00+00:00,Fulham,Brentford,0,3,,,0,0,1,0,3,-3,3
2023/2024,2023-08-19 14:00:00+00:00,Wolves,Brighton,1,4,,,0,0,1,0,3,-3,3
2023/2024,2023-08-19 16:30:00+00:00,Tottenham,Manchester United,2,0,,,1,0,0,3,0,2,-2
2023/2024,2023-08-19 19:00:00+00:00,Manchester City,Newcastle,1,0,,,1,0,0,3,0,1,-1
2023/2024,2023-08-20 13:00:00+00:00,Aston Villa,Everton,4,0,,,1,0,0,3,0,4,-4
2023/2024,2023-08-20 15:30:00+00:00,West Ham,Chelsea,3,1,,,1,0,0,3,0,2,-2
2023/2024,2023-08-21 19:00:00+00:00,Crystal Palace,Arsenal,0,1,,,0,0,1,0,3,-1,1
2023/2024,2023-08-25 19:00:00+00:00,Chelsea,Luton,3,0,,,1,0,0,3,0,3,-3
2023/2024,2023-08-26 11:30:00+00:00,Bournemouth,Tottenham,0,2,,,0,0,1,0,3,-2,2
2023/2024,2023-08-26 14:00:00+00:00,Manchester United,Nottingham Forest,3,2,,,1,0,0,3,0,1,-1
2023/2024,2023-08-26 14:00:00+00:00,Arsenal,Fulham,2,2,,,0,1,0,1,1,0,0
2023/2024,2023-08-26 14:00:00+00:00,Everton,Wolves,0,1,,,0,0,1,0,3,-1,1
2023/2024,2023-08-26 14:00:00+00:00,Brentford,Crystal Palace,1,1,,,0,1,0,1,1,0,0
2023/2024,2023-08-26 16:30:00+00:00,Brighton,West Ham,1,3,,,0,0,1,0,3,-2,2
2023/2024,2023-08-27 13:00:00+00:00,Burnley,Aston Villa,1,3,,,0,0,1,0,3,-2,2
2023/2024,2023-08-27 13:00:00+00:00,Sheffield Utd,Manchester City,1,2,,,0,0,1,0,3,-1,1
2023/2024,2023-08-27 15:30:00+00:00,Newcastle,Liverpool,1,2,,,0,0,1,0,3,-1,1
2023/2024,2023-09-01 19:00:00+00:00,Luton,West Ham,1,2,,,0,0,1,0,3,-1,1
2023/2024,2023-09-02 11:30:00+00:00,Sheffield Utd,Everton,2,2,,,0,1,0,1,1,0,0
2023/2024,2023-09-02 14:00:00+00:00,Burnley,Tottenham,2,5,,,0,0,1,0,3,-3,3
2023/2024,2023-09-02 14:00:00+00:00,Chelsea,Nottingham Forest,0,1,,,0,0,1,0,3,-1,1
2023/2024,2023-09-02 14:00:00+00:00,Manchester City,Fulham,5,1,,,1,0,0,3,0,4,-4
2023/2024,2023-09-02 14:00:00+00:00,Brentford,Bournemouth,2,2,,,0,1,0,1,1,0,0
2023/2024,2023-09-02 16:30:00+00:00,Brighton,Newcastle,3,1,,,1,0,0,3,0,2,-2
2023/2024,2023-09-03 13:00:00+00:00,Liverpool,Aston Villa,3,0,,,1,0,0,3,0,3,-3
2023/2024,2023-09-03 13:00:00+00:00,Crystal Palace,Wolves,3,2,,,1,0,0,3,0,1,-1
2023/2024,2023-09-03 15:30:00+00:00,Arsenal,Manchester United,3,1,,,1,0,0,3,0,2,-2
2023/2024,2023-09-16 11:30:00+00:00,Wolves,Liverpool,1,3,,,0,0,1,0,3,-2,2
2023/2024,2023-09-16 14:00:00+00:00,Manchester United,Brighton,1,3,,,0,0,1,0,3,-2,2
2023/2024,2023-09-16 14:00:00+00:00,Fulham,Luton,1,0,,,1,0,0,3,0,1,-1
2023/2024,2023-09-16 14:00:00+00:00,Tottenham,Sheffield Utd,2,1,,,1,0,0,3,0,1,-1
2023/2024,2023-09-16 14:00:00+00:00,West Ham,Manchester City,1,3,,,0,0,1,0,3,-2,2
2023/2024,2023-09-16 14:00:00+00:00,Aston Villa,Crystal Palace,3,1,,,1,0,0,3,0,2,-2
2023/2024,2023-09-16 16:30:00+00:00,Newcastle,Brentford,1,0,,,1,0,0,3,0,1,-1
2023/2024,2023-09-17 13:00:00+00:00,Bournemouth,Chelsea,0,0,,,0,1,0,1,1,0,0
2023/2024,2023-09-17 15:30:00+00:00,Everton,Arsenal,0,1,,,0,0,1,0,3,-1,1
2023/2024,2023-09-18 18:45:00+00:00,Nottingham Forest,Burnley,1,1,,,0,1,0,1,1,0,0
2023/2024,2023-09-23 14:00:00+00:00,Manchester City,Nottingham Forest,2,0,,,1,0,0,3,0,2,-2
2023/2024,2023-09-23 14:00:00+00:00,Crystal Palace,Fulham,0,0,,,0,1,0,1,1,0,0
2023/2024,2023-09-23 14:00:00+00:00,Luton,Wolves,1,1,,,0,1,0,1,1,0,0
2023/2024,2023-09-23 16:30:00+00:00,Brentford,Everton,1,3,,,0,0,1,0,3,-2,2
2023/2024,2023-09-23 19:00:00+00:00,Burnley,Manchester United,0,1,,,0,0,1,0,3,-1,1
2023/2024,2023-09-24 13:00:00+00:00,Liverpool,West Ham,3,1,,,1,0,0,3,0,2,-2
2023/2024,2023-09-24 13:00:00+00:00,Arsenal,Tottenham,2,2,,,0,1,0,1,1,0,0
2023/2024,2023-09-24 13:00:00+00:00,Chelsea,Aston Villa,0,1,,,0,0,1,0,3,-1,1
2023/2024,2023-09-24 13:00:00+00:00,Brighton,Bournemouth,3,1,,,1,0,0,3,0,2,-2
2023/2024,2023-09-24 15:30:00+00:00,Sheffield Utd,Newcastle,0,8,,,0,0,1,0,3,-8,8
2023/2024,2023-09-30 11:30:00+00:00,Aston Villa,Brighton,6,1,,,1,0,0,3,0,5,-5
2023/2024,2023-09-30 14:00:00+00:00,Everton,Luton,1,2,,,0,0,1,0,3,-1,1
2023/2024,2023-09-30 14:00:00+00:00,Wolves,Manchester City,2,1,,,1,0,0,3,0,1,-1
2023/2024,2023-09-30 14:00:00+00:00,West Ham,Sheffield Utd,2,0,,,1,0,0,3,0,2,-2
2023/2024,2023-09-30 14:00:00+00:00,Newcastle,Burnley,2,0,,,1,0,0,3,0,2,-2
2023/2024,2023-09-30 14:00:00+00:00,Manchester United,Crystal Palace,0,1,,,0,0,1,0,3,-1,1
2023/2024,2023-09-30 14:00:00+00:00,Bournemouth,Arsenal,0,4,,,0,0,1,0,3,-4,4
2023/2024,2023-09-30 16:30:00+00:00,Tottenham,Liverpool,2,1,,,1,0,0,3,0,1,-1
2023/2024,2023-10-01 13:00:00+00:00,Nottingham Forest,Brentford,1,1,,,0,1,0,1,1,0,0
2023/2024,2023-10-02 19:00:00+00:00,Fulham,Chelsea,0,2,,,0,0,1,0,3,-2,2
2023/2024,2023-10-03 18:30:00+00:00,Luton,Burnley,1,2,,,0,0,1,0,3,-1,1
2023/2024,2023-10-07 11:30:00+00:00,Luton,Tottenham,0,1,,,0,0,1,0,3,-1,1
2023/2024,2023-10-07 14:00:00+00:00,Everton,Bournemouth,3,0,,,1,0,0,3,0,3,-3
2023/2024,2023-10-07 14:00:00+00:00,Burnley,Chelsea,1,4,,,0,0,1,0,3,-3,3
2023/2024,2023-10-07 14:00:00+00:00,Fulham,Sheffield Utd,3,1,,,1,0,0,3,0,2,-2
2023/2024,2023-10-07 14:00:00+00:00,Manchester United,Brentford,2,1,,,1,0,0,3,0,1,-1
2023/2024,2023-10-07 16:30:00+00:00,Crystal Palace,Nottingham Forest,0,0,,,0,1,0,1,1,0,0
2023/2024,2023-10-08 13:00:00+00:00,Wolves,Aston Villa,1,1,,,0,1,0,1,1,0,0
2023/2024,2023-10-08 13:00:00+00:00,West Ham,Newcastle,2,2,,,0,1,0,1,1,0,0
2023/2024,2023-10-08 13:00:00+00:00,Brighton,Liverpool,2,2,,,0,1,0,1,1,0,0
2023/2024,2023-10-08 15:30:00+00:00,Arsenal,Manchester City,1,0,,,1,0,0,3,0,1,-1
2023/2024,2023-10-21 11:30:00+00:00,Liverpool,Everton,2,0,,,1,0,0,3,0,2,-2
2023/2024,2023-10-21 14:00:00+00:00,Nottingham Forest,Luton,2,2,,,0,1,0,1,1,0,0
2023/2024,2023-10-21 14:00:00+00:00,Brentford,Burnley,3,0,,,1,0,0,3,0,3,-3
2023/2024,2023-10-21 14:00:00+00:00,Newcastle,Crystal Palace,4,0,,,1,0,0,3,0,4,-4
2023/2024,2023-10-21 14:00:00+00:00,Bournemouth,Wolves,1,2,,,0,0,1,0,3,-1,1
2023/2024,2023-10-21 14:00:00+00:00,Manchester City,Brighton,2,1,,,1,0,0,3,0,1,-1
2023/2024,2023-10-21 16:30:00+00:00,Chelsea,Arsenal,2,2,,,0,1,0,1,1,0,0
2023/2024,2023-10-21 19:00:00+00:00,Sheffield Utd,Manchester United,1,2,,,0,0,1,0,3,-1,1
2023/2024,2023-10-22 15:30:00+00:00,Aston Villa,West Ham,4,1,,,1,0,0,3,0,3,-3
2023/2024,2023-10-23 19:00:00+00:00,Tottenham,Fulham,2,0,,,1,0,0,3,0,2,-2
2023/2024,2023-10-27 19:00:00+00:00,Crystal Palace,Tottenham,1,2,,,0,0,1,0,3,-1,1
2023/2024,2023-10-28 11:30:00+00:00,Chelsea,Brentford,0,2,,,0,0,1,0,3,-2,2
2023/2024,2023-10-28 14:00:00+00:00,Bournemouth,Burnley,2,1,,,1,0,0,3,0,1,-1
2023/2024,2023-10-28 14:00:00+00:00,Arsenal,Sheffield Utd,5,0,,,1,0,0,3,0,5,-5
2023/2024,2023-10-28 16:30:00+00:00,Wolves,Newcastle,2,2,,,0,1,0,1,1,0,0
2023/2024,2023-10-29 13:00:00+00:00,West Ham,Everton,0,1,,,0,0,1,0,3,-1,1
2023/2024,2023-10-29 14:00:00+00:00,Liverpool,Nottingham Forest,3,0,,,1,0,0,3,0,3,-3
2023/2024,2023-10-29 14:00:00+00:00,Brighton,Fulham,1,1,,,0,1,0,1,1,0,0
2023/2024,2023-10-29 14:00:00+00:00,Aston Villa,Luton,3,1,,,1,0,0,3,0,2,-2
2023/2024,2023-10-29 15:30:00+00:00,Manchester United,Manchester City,0,3,,,0,0,1,0,3,-3,3
2023/2024,2023-11-04 12:30:00+00:00,Fulham,Manchester United,0,1,,,0,0,1,0,3,-1,1
2023/2024,2023-11-04 15:00:00+00:00,Burnley,Crystal Palace,0,2,,,0,0,1,0,3,-2,2
2023/2024,2023-11-04 15:00:00+00:00,Everton,Brighton,1,1,,,0,1,0,1,1,0,0
2023/2024,2023-11-04 15:00:00+00:00,Manchester City,Bournemouth,6,1,,,1,0,0,3,0,5,-5
2023/2024,2023-11-04 15:00:00+00:00,Brentford,West Ham,3,2,,,1,0,0,3,0,1,-1
2023/2024,2023-11-04 15:00:00+00:00,Sheffield Utd,Wolves,2,1,,,1,0,0,3,0,1,-1
2023/2024,2023-11-04 17:30:00+00:00,Newcastle,Arsenal,1,0,,,1,0,0,3,0,1,-1
2023/2024,2023-11-05 14:00:00+00:00,Nottingham Forest,Aston Villa,2,0,,,1,0,0,3,0,2,-2
2023/2024,2023-11-05 16:30:00+00:00,Luton,Liverpool,1,1,,,0,1,0,1,1,0,0
2023/2024,2023-11-06 20:00:00+00:00,Tottenham,Chelsea,1,4,,,0,0,1,0,3,-3,3
2023/2024,2023-11-11 12:30:00+00:00,Wolves,Tottenham,2,1,,,1,0,0,3,0,1,-1
2023/2024,2023-11-11 15:00:00+00:00,Manchester United,Luton,1,0,,,1,0,0,3,0,1,-1
2023/2024,2023-11-11 15:00:00+00:00,Arsenal,Burnley,3,1,,,1,0,0,3,0,2,-2
2023/2024,2023-11-11 15:00:00+00:00,Crystal Palace,Everton,2,3,,,0,0,1,0,3,-1,1
2023/2024,2023-11-11 17:30:00+00:00,Bournemouth,Newcastle,2,0,,,1,0,0,3,0,2,-2
2023/2024,2023-11-12 14:00:00+00:00,Brighton,Sheffield Utd,1,1,,,0,1,0,1,1,0,0
2023/2024,2023-11-12 14:00:00+00:00,Aston Villa,Fulham,3,1,,,1,0,0,3,0,2,-2
2023/2024,2023-11-12 14:00:00+00:00,Liverpool,Brentford,3,0,,,1,0,0,3,0,3,-3
2023/2024,2023-11-12 14:00:00+00:00,West Ham,Nottingham Forest,3,2,,,1,0,0,3,0,1,-1
2023/2024,2023-11-12 16:30:00+00:00,Chelsea,Manchester City,4,4,,,0,1,0,1,1,0,0
2023/2024,2023-11-25 12:30:00+00:00,Manchester City,Liverpool,1,1,,,0,1,0,1,1,0,0
2023/2024,2023-11-25 15:00:00+00:00,Newcastle,Chelsea,4,1,,,1,0,0,3,0,3,-3
2023/2024,2023-11-25 15:00:00+00:00,Burnley,West Ham,1,2,,,0,0,1,0,3,-1,1
2023/2024,2023-11-25 15:00:00+00:00,Sheffield Utd,Bournemouth,1,3,,,0,0,1,0,3,-2,2
2023/2024,2023-11-25 15:00:00+00:00,Nottingham Forest,Brighton,2,3,,,0,0,1,0,3,-1,1
2023/2024,2023-11-25 15:00:00+00:00,Luton,Crystal Palace,2,1,,,1,0,0,3,0,1,-1
2023/2024,2023-11-25 17:30:00+00:00,Brentford,Arsenal,0,1,,,0,0,1,0,3,-1,1
2023/2024,2023-11-26 14:00:00+00:00,Tottenham,Aston Villa,1,2,,,0,0,1,0,3,-1,1
2023/2024,2023-11-26 16:30:00+00:00,Everton,Manchester United,0,3,,,0,0,1,0,3,-3,3
2023/2024,2023-11-27 20:00:00+00:00,Fulham,Wolves,3,2,,,1,0,0,3,0,1,-1
2023/2024,2023-12-02 15:00:00+00:00,Arsenal,Wolves,2,1,,,1,0,0,3,0,1,-1
2023/2024,2023-12-02 15:00:00+00:00,Burnley,Sheffield Utd,5,0,,,1,0,0,3,0,5,-5
2023/2024,2023-12-02 15:00:00+00:00,Brentford,Luton,3,1,,,1,0,0,3,0,2,-2
2023/2024,2023-12-02 17:30:00+00:00,Nottingham Forest,Everton,0,1,,,0,0,1,0,3,-1,1
2023/2024,2023-12-02 20:00:00+00:00,Newcastle,Manchester United,1,0,,,1,0,0,3,0,1,-1
2023/2024,2023-12-03 14:00:00+00:00,Bournemouth,Aston Villa,2,2,,,0,1,0,1,1,0,0
2023/2024,2023-12-03 14:00:00+00:00,Liverpool,Fulham,4,3,,,1,0,0,3,0,1,-1
2023/2024,2023-12-03 14:00:00+00:00,West Ham,Crystal Palace,1,1,,,0,1,0,1,1,0,0
2023/2024,2023-12-03 14:00:00+00:00,Chelsea,Brighton,3,2,,,1,0,0,3,0,1,-1
2023/2024,2023-12-03 16:30:00+00:00,Manchester City,Tottenham,3,3,,,0,1,0,1,1,0,0
2023/2024,2023-12-05 19:30:00+00:00,Wolves,Burnley,1,0,,,1,0,0,3,0,1,-1
2023/2024,2023-12-05 20:15:00+00:00,Luton,Arsenal,3,4,,,0,0,1,0,3,-1,1
2023/2024,2023-12-06 19:30:00+00:00,Sheffield Utd,Liverpool,0,2,,,0,0,1,0,3,-2,2
2023/2024,2023-12-06 19:30:00+00:00,Crystal Palace,Bournemouth,0,2,,,0,0,1,0,3,-2,2
2023/2024,2023-12-06 19:30:00+00:00,Brighton,Brentford,2,1,,,1,0,0,3,0,1,-1
2023/2024,2023-12-06 19:30:00+00:00,Fulham,Nottingham Forest,5,0,,,1,0,0,3,0,5,-5
2023/2024,2023-12-06 20:15:00+00:00,Manchester United,Chelsea,2,1,,,1,0,0,3,0,1,-1
2023/2024,2023-12-06 20:15:00+00:00,Aston Villa,Manchester City,1,0,,,1,0,0,3,0,1,-1
2023/2024,2023-12-07 19:30:00+00:00,Everton,Newcastle,3,0,,,1,0,0,3,0,3,-3
2023/2024,2023-12-07 20:15:00+00:00,Tottenham,West Ham,1,2,,,0,0,1,0,3,-1,1
2023/2024,2023-12-09 12:30:00+00:00,Crystal Palace,Liverpool,1,2,,,0,0,1,0,3,-1,1
2023/2024,2023-12-09 15:00:00+00:00,Brighton,Burnley,1,1,,,0,1,0,1,1,0,0
2023/2024,2023-12-09 15:00:00+00:00,Sheffield Utd,Brentford,1,0,,,1,0,0,3,0,1,-1
2023/2024,2023-12-09 15:00:00+00:00,Wolves,Nottingham Forest,1,1,,,0,1,0,1,1,0,0
2023/2024,2023-12-09 15:00:00+00:00,Manchester United,Bournemouth,0,3,,,0,0,1,0,3,-3,3
2023/2024,2023-12-09 17:30:00+00:00,Aston Villa,Arsenal,1,0,,,1,0,0,3,0,1,-1
2023/2024,2023-12-10 14:00:00+00:00,Fulham,West Ham,5,0,,,1,0,0,3,0,5,-5
2023/2024,2023-12-10 14:00:00+00:00,Everton,Chelsea,2,0,,,1,0,0,3,0,2,-2
2023/2024,2023-12-10 14:00:00+00:00,Luton,Manchester City,1,2,,,0,0,1,0,3,-1,1
2023/2024,2023-12-10 16:30:00+00:00,Tottenham,Newcastle,4,1,,,1,0,0,3,0,3,-3
2023/2024,2023-12-15 20:00:00+00:00,Nottingham Forest,Tottenham,0,2,,,0,0,1,0,3,-2,2
2023/2024,2023-12-16 15:00:00+00:00,Manchester City,Crystal Palace,2,2,,,0,1,0,1,1,0,0
2023/2024,2023-12-16 15:00:00+00:00,Chelsea,Sheffield Utd,2,0,,,1,0,0,3,0,2,-2
2023/2024,2023-12-16 15:00:00+00:00,Newcastle,Fulham,3,0,,,1,0,0,3,0,3,-3
2023/2024,2023-12-16 17:30:00+00:00,Burnley,Everton,0,2,,,0,0,1,0,3,-2,2
2023/2024,2023-12-17 14:00:00+00:00,Arsenal,Brighton,2,0,,,1,0,0,3,0,2,-2
2023/2024,2023-12-17 14:00:00+00:00,West Ham,Wolves,3,0,,,1,0,0,3,0,3,-3
2023/2024,2023-12-17 14:00:00+00:00,Brentford,Aston Villa,1,2,,,0,0,1,0,3,-1,1
2023/2024,2023-12-17 16:30:00+00:00,Liverpool,Manchester United,0,0,,,0,1,0,1,1,0,0
2023/2024,2023-12-21 20:00:00+00:00,Crystal Palace,Brighton,1,1,,,0,1,0,1,1,0,0
2023/2024,2023-12-22 20:00:00+00:00,Aston Villa,Sheffield Utd,1,1,,,0,1,0,1,1,0,0
2023/2024,2023-12-23 12:30:00+00:00,West Ham,Manchester United,2,0,,,1,0,0,3,0,2,-2
2023/2024,2023-12-23 15:00:00+00:00,Fulham,Burnley,0,2,,,0,0,1,0,3,-2,2
2023/2024,2023-12-23 15:00:00+00:00,Tottenham,Everton,2,1,,,1,0,0,3,0,1,-1
2023/2024,2023-12-23 15:00:00+00:00,Nottingham Forest,Bournemouth,2,3,,,0,0,1,0,3,-1,1
2023/2024,2023-12-23 15:00:00+00:00,Luton,Newcastle,1,0,,,1,0,0,3,0,1,-1
2023/2024,2023-12-23 17:30:00+00:00,Liverpool,Arsenal,1,1,,,0,1,0,1,1,0,0
2023/2024,2023-12-24 13:00:00+00:00,Wolves,Chelsea,2,1,,,1,0,0,3,0,1,-1
2023/2024,2023-12-26 12:30:00+00:00,Newcastle,Nottingham Forest,1,3,,,0,0,1,0,3,-2,2
2023/2024,2023-12-26 15:00:00+00:00,Bournemouth,Fulham,3,0,,,1,0,0,3,0,3,-3
2023/2024,2023-12-26 15:00:00+00:00,Sheffield Utd,Luton,2,3,,,0,0,1,0,3,-1,1
2023/2024,2023-12-26 17:30:00+00:00,Burnley,Liverpool,0,2,,,0,0,1,0,3,-2,2
2023/2024,2023-12-26 20:00:00+00:00,Manchester United,Aston Villa,3,2,,,1,0,0,3,0,1,-1
2023/2024,2023-12-27 19:30:00+00:00,Chelsea,Crystal Palace,2,1,,,1,0,0,3,0,1,-1
2023/2024,2023-12-27 19:30:00+00:00,Brentford,Wolves,1,4,,,0,0,1,0,3,-3,3
2023/2024,2023-12-27 20:15:00+00:00,Everton,Manchester City,1,3,,,0,0,1,0,3,-2,2
2023/2024,2023-12-28 19:30:00+00:00,Brighton,Tottenham,4,2,,,1,0,0,3,0,2,-2
2023/2024,2023-12-28 20:15:00+00:00,Arsenal,West Ham,0,2,,,0,0,1,0,3,-2,2
2023/2024,2023-12-30 12:30:00+00:00,Luton,Chelsea,2,3,,,0,0,1,0,3,-1,1
2023/2024,2023-12-30 15:00:00+00:00,Aston Villa,Burnley,3,2,,,1,0,0,3,0,1,-1
2023/2024,2023-12-30 15:00:00+00:00,Crystal Palace,Brentford,3,1,,,1,0,0,3,0,2,-2
2023/2024,2023-12-30 15:00:00+00:00,Wolves,Everton,3,0,,,1,0,0,3,0,3,-3
2023/2024,2023-12-30 15:00:00+00:00,Manchester City,Sheffield Utd,2,0,,,1,0,0,3,0,2,-2
2023/2024,2023-12-30 17:30:00+00:00,Nottingham Forest,Manchester United,2,1,,,1,0,0,3,0,1,-1
2023/2024,2023-12-31 14:00:00+00:00,Fulham,Arsenal,2,1,,,1,0,0,3,0,1,-1
2023/2024,2023-12-31 14:00:00+00:00,Tottenham,Bournemouth,3,1,,,1,0,0,3,0,2,-2
2023/2024,2024-01-01 20:00:00+00:00,Liverpool,Newcastle,4,2,,,1,0,0,3,0,2,-2
2023/2024,2024-01-02 19:30:00+00:00,West Ham,Brighton,0,0,,,0,1,0,1,1,0,0
2023/2024,2024-01-12 19:45:00+00:00,Burnley,Luton,1,1,,,0,1,0,1,1,0,0
2023/2024,2024-01-13 12:30:00+00:00,Chelsea,Fulham,1,0,,,1,0,0,3,0,1,-1
2023/2024,2024-01-13 17:30:00+00:00,Newcastle,Manchester City,2,3,,,0,0,1,0,3,-1,1
2023/2024,2024-01-14 14:00:00+00:00,Everton,Aston Villa,0,0,,,0,1,0,1,1,0,0
2023/2024,2024-01-14 16:30:00+00:00,Manchester United,Tottenham,2,2,,,0,1,0,1,1,0,0
2023/2024,2024-01-20 12:30:00+00:00,Arsenal,Crystal Palace,5,0,,,1,0,0,3,0,5,-5
2023/2024,2024-01-20 17:30:00+00:00,Brentford,Nottingham Forest,3,2,,,1,0,0,3,0,1,-1
2023/2024,2024-01-21 14:00:00+00:00,Sheffield Utd,West Ham,2,2,,,0,1,0,1,1,0,0
2023/2024,2024-01-21 16:30:00+00:00,Bournemouth,Liverpool,0,4,,,0,0,1,0,3,-4,4
2023/2024,2024-01-22 19:45:00+00:00,Brighton,Wolves,0,0,,,0,1,0,1,1,0,0
2023/2024,2024-01-30 19:30:00+00:00,Nottingham Forest,Arsenal,1,2,,,0,0,1,0,3,-1,1
2023/2024,2024-01-30 19:45:00+00:00,Fulham,Everton,0,0,,,0,1,0,1,1,0,0
2023/2024,2024-01-30 19:45:00+00:00,Luton,Brighton,4,0,,,1,0,0,3,0,4,-4
2023/2024,2024-01-30 20:00:00+00:00,Crystal Palace,Sheffield Utd,3,2,,,1,0,0,3,0,1,-1
2023/2024,2024-01-30 20:15:00+00:00,Aston Villa,Newcastle,1,3,,,0,0,1,0,3,-2,2
2023/2024,2024-01-31 19:30:00+00:00,Tottenham,Brentford,3,2,,,1,0,0,3,0,1,-1
2023/2024,2024-01-31 19:30:00+00:00,Manchester City,Burnley,3,1,,,1,0,0,3,0,2,-2
2023/2024,2024-01-31 20:15:00+00:00,Liverpool,Chelsea,4,1,,,1,0,0,3,0,3,-3
2023/2024,2024-02-01 19:30:00+00:00,West Ham,Bournemouth,1,1,,,0,1,0,1,1,0,0
2023/2024,2024-02-01 20:15:00+00:00,Wolves,Manchester United,3,4,,,0,0,1,0,3,-1,1
2023/2024,2024-02-03 12:30:00+00:00,Everton,Tottenham,2,2,,,0,1,0,1,1,0,0
2023/2024,2024-02-03 15:00:00+00:00,Newcastle,Luton,4,4,,,0,1,0,1,1,0,0
2023/2024,2024-02-03 15:00:00+00:00,Burnley,Fulham,2,2,,,0,1,0,1,1,0,0
2023/2024,2024-02-03 15:00:00+00:00,Brighton,Crystal Palace,4,1,,,1,0,0,3,0,3,-3
2023/2024,2024-02-03 17:30:00+00:00,Sheffield Utd,Aston Villa,0,5,,,0,0,1,0,3,-5,5
2023/2024,2024-02-04 14:00:00+00:00,Bournemouth,Nottingham Forest,1,1,,,0,1,0,1,1,0,0
2023/2024,2024-02-04 14:00:00+00:00,Chelsea,Wolves,2,4,,,0,0,1,0,3,-2,2
2023/2024,2024-02-04 14:00:00+00:00,Manchester United,West Ham,3,0,,,1,0,0,3,0,3,-3
2023/2024,2024-02-04 16:30:00+00:00,Arsenal,Liverpool,3,1,,,1,0,0,3,0,2,-2
2023/2024,2024-02-05 20:00:00+00:00,Brentford,Manchester City,1,3,,,0,0,1,0,3,-2,2
2023/2024,2024-02-10 12:30:00+00:00,Manchester City,Everton,2,0,,,1,0,0,3,0,2,-2
2023/2024,2024-02-10 15:00:00+00:00,Fulham,Bournemouth,3,1,,,1,0,0,3,0,2,-2
2023/2024,2024-02-10 15:00:00+00:00,Wolves,Brentford,0,2,,,0,0,1,0,3,-2,2
2023/2024,2024-02-10 15:00:00+00:00,Liverpool,Burnley,3,1,,,1,0,0,3,0,2,-2
2023/2024,2024-02-10 15:00:00+00:00,Tottenham,Brighton,2,1,,,1,0,0,3,0,1,-1
2023/2024,2024-02-10 15:00:00+00:00,Luton,Sheffield Utd,1,3,,,0,0,1,0,3,-2,2
2023/2024,2024-02-10 17:30:00+00:00,Nottingham Forest,Newcastle,2,3,,,0,0,1,0,3,-1,1
2023/2024,2024-02-11 14:00:00+00:00,West Ham,Arsenal,0,6,,,0,0,1,0,3,-6,6
2023/2024,2024-02-11 16:30:00+00:00,Aston Villa,Manchester United,1,2,,,0,0,1,0,3,-1,1
2023/2024,2024-02-12 20:00:00+00:00,Crystal Palace,Chelsea,1,3,,,0,0,1,0,3,-2,2
2023/2024,2024-02-17 12:30:00+00:00,Brentford,Liverpool,1,4,,,0,0,1,0,3,-3,3
2023/2024,2024-02-17 15:00:00+00:00,Tottenham,Wolves,1,2,,,0,0,1,0,3,-1,1
2023/2024,2024-02-17 15:00:00+00:00,Nottingham Forest,West Ham,2,0,,,1,0,0,3,0,2,-2
2023/2024,2024-02-17 15:00:00+00:00,Burnley,Arsenal,0,5,,,0,0,1,0,3,-5,5
2023/2024,2024-02-17 15:00:00+00:00,Fulham,Aston Villa,1,2,,,0,0,1,0,3,-1,1
2023/2024,2024-02-17 15:00:00+00:00,Newcastle,Bournemouth,2,2,,,0,1,0,1,1,0,0
2023/2024,2024-02-17 17:30:00+00:00,Manchester City,Chelsea,1,1,,,0,1,0,1,1,0,0
2023/2024,2024-02-18 14:00:00+00:00,Sheffield Utd,Brighton,0,5,,,0,0,1,0,3,-5,5
2023/2024,2024-02-18 16:30:00+00:00,Luton,Manchester United,1,2,,,0,0,1,0,3,-1,1
2023/2024,2024-02-19 20:00:00+00:00,Everton,Crystal Palace,1,1,,,0,1,0,1,1,0,0
2023/2024,2024-02-20 19:30:00+00:00,Manchester City,Brentford,1,0,,,1,0,0,3,0,1,-1
2023/2024,2024-02-21 19:30:00+00:00,Liverpool,Luton,4,1,,,1,0,0,3,0,3,-3
2023/2024,2024-02-24 15:00:00+00:00,Manchester United,Fulham,1,2,,,0,0,1,0,3,-1,1
2023/2024,2024-02-24 15:00:00+00:00,Brighton,Everton,1,1,,,0,1,0,1,1,0,0
2023/2024,2024-02-24 15:00:00+00:00,Crystal Palace,Burnley,3,0,,,1,0,0,3,0,3,-3
2023/2024,2024-02-24 15:00:00+00:00,Aston Villa,Nottingham Forest,4,2,,,1,0,0,3,0,2,-2
2023/2024,2024-02-24 17:30:00+00:00,Bournemouth,Manchester City,0,1,,,0,0,1,0,3,-1,1
2023/2024,2024-02-24 20:00:00+00:00,Arsenal,Newcastle,4,1,,,1,0,0,3,0,3,-3
2023/2024,2024-02-25 13:30:00+00:00,Wolves,Sheffield Utd,1,0,,,1,0,0,3,0,1,-1
2023/2024,2024-02-26 20:00:00+00:00,West Ham,Brentford,4,2,,,1,0,0,3,0,2,-2
2023/2024,2024-03-02 15:00:00+00:00,Nottingham Forest,Liverpool,0,1,,,0,0,1,0,3,-1,1
2023/2024,2024-03-02 15:00:00+00:00,Tottenham,Crystal Palace,3,1,,,1,0,0,3,0,2,-2
2023/2024,2024-03-02 15:00:00+00:00,Brentford,Chelsea,2,2,,,0,1,0,1,1,0,0
2023/2024,2024-03-02 15:00:00+00:00,Fulham,Brighton,3,0,,,1,0,0,3,0,3,-3
2023/2024,2024-03-02 15:00:00+00:00,Everton,West Ham,1,3,,,0,0,1,0,3,-2,2
2023/2024,2024-03-02 15:00:00+00:00,Newcastle,Wolves,3,0,,,1,0,0,3,0,3,-3
2023/2024,2024-03-02 17:30:00+00:00,Luton,Aston Villa,2,3,,,0,0,1,0,3,-1,1
2023/2024,2024-03-03 13:00:00+00:00,Burnley,Bournemouth,0,2,,,0,0,1,0,3,-2,2
2023/2024,2024-03-03 15:30:00+00:00,Manchester City,Manchester United,3,1,,,1,0,0,3,0,2,-2
2023/2024,2024-03-04 20:00:00+00:00,Sheffield Utd,Arsenal,0,6,,,0,0,1,0,3,-6,6
2023/2024,2024-03-09 12:30:00+00:00,Manchester United,Everton,2,0,,,1,0,0,3,0,2,-2
2023/2024,2024-03-09 15:00:00+00:00,Bournemouth,Sheffield Utd,2,2,,,0,1,0,1,1,0,0
2023/2024,2024-03-09 15:00:00+00:00,Wolves,Fulham,2,1,,,1,0,0,3,0,1,-1
2023/2024,2024-03-09 15:00:00+00:00,Crystal Palace,Luton,1,1,,,0,1,0,1,1,0,0
2023/2024,2024-03-09 17:30:00+00:00,Arsenal,Brentford,2,1,,,1,0,0,3,0,1,-1
2023/2024,2024-03-10 13:00:00+00:00,Aston Villa,Tottenham,0,4,,,0,0,1,0,3,-4,4
2023/2024,2024-03-10 14:00:00+00:00,West Ham,Burnley,2,2,,,0,1,0,1,1,0,0
2023/2024,2024-03-10 14:00:00+00:00,Brighton,Nottingham Forest,1,0,,,1,0,0,3,0,1,-1
2023/2024,2024-03-10 15:45:00+00:00,Liverpool,Manchester City,1,1,,,0,1,0,1,1,0,0
2023/2024,2024-03-11 20:00:00+00:00,Chelsea,Newcastle,3,2,,,1,0,0,3,0,1,-1
2023/2024,2024-03-13 19:30:00+00:00,Bournemouth,Luton,4,3,,,1,0,0,3,0,1,-1
2023/2024,2024-03-16 15:00:00+00:00,Burnley,Brentford,2,1,,,1,0,0,3,0,1,-1
2023/2024,2024-03-16 15:00:00+00:00,Luton,Nottingham Forest,1,1,,,0,1,0,1,1,0,0
2023/2024,2024-03-16 17:30:00+00:00,Fulham,Tottenham,3,0,,,1,0,0,3,0,3,-3
2023/2024,2024-03-17 14:00:00+00:00,West Ham,Aston Villa,1,1,,,0,1,0,1,1,0,0
2023/2024,2024-03-30 12:30:00+00:00,Newcastle,West Ham,4,3,,,1,0,0,3,0,1,-1
2023/2024,2024-03-30 15:00:00+00:00,Nottingham Forest,Crystal Palace,1,1,,,0,1,0,1,1,0,0
2023/2024,2024-03-30 15:00:00+00:00,Sheffield Utd,Fulham,3,3,,,0,1,0,1,1,0,0
2023/2024,2024-03-30 15:00:00+00:00,Chelsea,Burnley,2,2,,,0,1,0,1,1,0,0
2023/2024,2024-03-30 15:00:00+00:00,Tottenham,Luton,2,1,,,1,0,0,3,0,1,-1
2023/2024,2024-03-30 15:00:00+00:00,Bournemouth,Everton,2,1,,,1,0,0,3,0,1,-1
2023/2024,2024-03-30 17:30:00+00:00,Aston Villa,Wolves,2,0,,,1,0,0,3,0,2,-2
2023/2024,2024-03-30 20:00:00+00:00,Brentford,Manchester United,1,1,,,0,1,0,1,1,0,0
2023/2024,2024-03-31 13:00:00+00:00,Liverpool,Brighton,2,1,,,1,0,0,3,0,1,-1
2023/2024,2024-03-31 15:30:00+00:00,Manchester City,Arsenal,0,0,,,0,1,0,1,1,0,0
2023/2024,2024-04-02 18:30:00+00:00,Newcastle,Everton,1,1,,,0,1,0,1,1,0,0
2023/2024,2024-04-02 18:30:00+00:00,Nottingham Forest,Fulham,3,1,,,1,0,0,3,0,2,-2
2023/2024,2024-04-02 18:45:00+00:00,Burnley,Wolves,1,1,,,0,1,0,1,1,0,0
2023/2024,2024-04-02 18:45:00+00:00,Bournemouth,Crystal Palace,1,0,,,1,0,0,3,0,1,-1
2023/2024,2024-04-02 19:15:00+00:00,West Ham,Tottenham,1,1,,,0,1,0,1,1,0,0
2023/2024,2024-04-03 18:30:00+00:00,Arsenal,Luton,2,0,,,1,0,0,3,0,2,-2
2023/2024,2024-04-03 18:30:00+00:00,Brentford,Brighton,0,0,,,0,1,0,1,1,0,0
2023/2024,2024-04-03 19:15:00+00:00,Manchester City,Aston Villa,4,1,,,1,0,0,3,0,3,-3
2023/2024,2024-04-04 18:30:00+00:00,Liverpool,Sheffield Utd,3,1,,,1,0,0,3,0,2,-2
2023/2024,2024-04-04 19:15:00+00:00,Chelsea,Manchester United,4,3,,,1,0,0,3,0,1,-1
2023/2024,2024-04-06 11:30:00+00:00,Crystal Palace,Manchester City,2,4,,,0,0,1,0,3,-2,2
2023/2024,2024-04-06 14:00:00+00:00,Wolves,West Ham,1,2,,,0,0,1,0,3,-1,1
2023/2024,2024-04-06 14:00:00+00:00,Luton,Bournemouth,2,1,,,1,0,0,3,0,1,-1
2023/2024,2024-04-06 14:00:00+00:00,Aston Villa,Brentford,3,3,,,0,1,0,1,1,0,0
2023/2024,2024-04-06 14:00:00+00:00,Fulham,Newcastle,0,1,,,0,0,1,0,3,-1,1
2023/2024,2024-04-06 14:00:00+00:00,Everton,Burnley,1,0,,,1,0,0,3,0,1,-1
2023/2024,2024-04-06 16:30:00+00:00,Brighton,Arsenal,0,3,,,0,0,1,0,3,-3,3
2023/2024,2024-04-07 14:30:00+00:00,Manchester United,Liverpool,2,2,,,0,1,0,1,1,0,0
2023/2024,2024-04-07 16:30:00+00:00,Sheffield Utd,Chelsea,2,2,,,0,1,0,1,1,0,0
2023/2024,2024-04-07 17:00:00+00:00,Tottenham,Nottingham Forest,3,1,,,1,0,0,3,0,2,-2
2023/2024,2024-04-13 11:30:00+00:00,Newcastle,Tottenham,4,0,,,1,0,0,3,0,4,-4
2023/2024,2024-04-13 14:00:00+00:00,Nottingham Forest,Wolves,2,2,,,0,1,0,1,1,0,0
2023/2024,2024-04-13 14:00:00+00:00,Brentford,Sheffield Utd,2,0,,,1,0,0,3,0,2,-2
2023/2024,2024-04-13 14:00:00+00:00,Burnley,Brighton,1,1,,,0,1,0,1,1,0,0
2023/2024,2024-04-13 14:00:00+00:00,Manchester City,Luton,5,1,,,1,0,0,3,0,4,-4
2023/2024,2024-04-13 16:30:00+00:00,Bournemouth,Manchester United,2,2,,,0,1,0,1,1,0,0
2023/2024,2024-04-14 13:00:00+00:00,Liverpool,Crystal Palace,0,1,,,0,0,1,0,3,-1,1
2023/2024,2024-04-14 13:00:00+00:00,West Ham,Fulham,0,2,,,0,0,1,0,3,-2,2
2023/2024,2024-04-14 15:30:00+00:00,Arsenal,Aston Villa,0,2,,,0,0,1,0,3,-2,2
2023/2024,2024-04-15 19:00:00+00:00,Chelsea,Everton,6,0,,,1,0,0,3,0,6,-6
2023/2024,2024-04-20 14:00:00+00:00,Sheffield Utd,Burnley,1,4,,,0,0,1,0,3,-3,3
2023/2024,2024-04-20 14:00:00+00:00,Luton,Brentford,1,5,,,0,0,1,0,3,-4,4
2023/2024,2024-04-20 18:30:00+00:00,Wolves,Arsenal,0,2,,,0,0,1,0,3,-2,2
2023/2024,2024-04-21 12:30:00+00:00,Everton,Nottingham Forest,2,0,,,1,0,0,3,0,2,-2
2023/2024,2024-04-21 14:00:00+00:00,Crystal Palace,West Ham,5,2,,,1,0,0,3,0,3,-3
2023/2024,2024-04-21 14:00:00+00:00,Aston Villa,Bournemouth,3,1,,,1,0,0,3,0,2,-2
2023/2024,2024-04-21 15:30:00+00:00,Fulham,Liverpool,1,3,,,0,0,1,0,3,-2,2
2023/2024,2024-04-23 19:00:00+00:00,Arsenal,Chelsea,5,0,,,1,0,0,3,0,5,-5
2023/2024,2024-04-24 18:45:00+00:00,Wolves,Bournemouth,0,1,,,0,0,1,0,3,-1,1
2023/2024,2024-04-24 19:00:00+00:00,Crystal Palace,Newcastle,2,0,,,1,0,0,3,0,2,-2
2023/2024,2024-04-24 19:00:00+00:00,Manchester United,Sheffield Utd,4,2,,,1,0,0,3,0,2,-2
2023/2024,2024-04-24 19:00:00+00:00,Everton,Liverpool,2,0,,,1,0,0,3,0,2,-2
2023/2024,2024-04-25 19:00:00+00:00,Brighton,Manchester City,0,4,,,0,0,1,0,3,-4,4
2023/2024,2024-04-27 11:30:00+00:00,West Ham,Liverpool,2,2,,,0,1,0,1,1,0,0
2023/2024,2024-04-27 14:00:00+00:00,Manchester United,Burnley,1,1,,,0,1,0,1,1,0,0
2023/2024,2024-04-27 14:00:00+00:00,Newcastle,Sheffield Utd,5,1,,,1,0,0,3,0,4,-4
2023/2024,2024-04-27 14:00:00+00:00,Fulham,Crystal Palace,1,1,,,0,1,0,1,1,0,0
2023/2024,2024-04-27 14:00:00+00:00,Wolves,Luton,2,1,,,1,0,0,3,0,1,-1
2023/2024,2024-04-27 16:30:00+00:00,Everton,Brentford,1,0,,,1,0,0,3,0,1,-1
2023/2024,2024-04-27 19:00:00+00:00,Aston Villa,Chelsea,2,2,,,0,1,0,1,1,0,0
2023/2024,2024-04-28 13:00:00+00:00,Bournemouth,Brighton,3,0,,,1,0,0,3,0,3,-3
2023/2024,2024-04-28 13:00:00+00:00,Tottenham,Arsenal,2,3,,,0,0,1,0,3,-1,1
2023/2024,2024-04-28 15:30:00+00:00,Nottingham Forest,Manchester City,0,2,,,0,0,1,0,3,-2,2
2023/2024,2024-05-02 18:30:00+00:00,Chelsea,Tottenham,2,0,,,1,0,0,3,0,2,-2
2023/2024,2024-05-03 19:00:00+00:00,Luton,Everton,1,1,,,0,1,0,1,1,0,0
2023/2024,2024-05-04 11:30:00+00:00,Arsenal,Bournemouth,3,0,,,1,0,0,3,0,3,-3
2023/2024,2024-05-04 14:00:00+00:00,Sheffield Utd,Nottingham Forest,1,3,,,0,0,1,0,3,-2,2
2023/2024,2024-05-04 14:00:00+00:00,Brentford,Fulham,0,0,,,0,1,0,1,1,0,0
2023/2024,2024-05-04 14:00:00+00:00,Burnley,Newcastle,1,4,,,0,0,1,0,3,-3,3
2023/2024,2024-05-04 16:30:00+00:00,Manchester City,Wolves,5,1,,,1,0,0,3,0,4,-4
2023/2024,2024-05-05 13:00:00+00:00,Chelsea,West Ham,5,0,,,1,0,0,3,0,5,-5
2023/2024,2024-05-05 13:00:00+00:00,Brighton,Aston Villa,1,0,,,1,0,0,3,0,1,-1
2023/2024,2024-05-05 15:30:00+00:00,Liverpool,Tottenham,4,2,,,1,0,0,3,0,2,-2
2023/2024,2024-05-06 19:00:00+00:00,Crystal Palace,Manchester United,4,0,,,1,0,0,3,0,4,-4
2023/2024,2024-05-11 11:30:00+00:00,Fulham,Manchester City,0,4,,,0,0,1,0,3,-4,4
2023/2024,2024-05-11 14:00:00+00:00,West Ham,Luton,3,1,,,1,0,0,3,0,2,-2
2023/2024,2024-05-11 14:00:00+00:00,Tottenham,Burnley,2,1,,,1,0,0,3,0,1,-1
2023/2024,2024-05-11 14:00:00+00:00,Everton,Sheffield Utd,1,0,,,1,0,0,3,0,1,-1
2023/2024,2024-05-11 14:00:00+00:00,Bournemouth,Brentford,1,2,,,0,0,1,0,3,-1,1
2023/2024,2024-05-11 14:00:00+00:00,Newcastle,Brighton,1,1,,,0,1,0,1,1,0,0
2023/2024,2024-05-11 14:00:00+00:00,Wolves,Crystal Palace,1,3,,,0,0,1,0,3,-2,2
2023/2024,2024-05-11 16:30:00+00:00,Nottingham Forest,Chelsea,2,3,,,0,0,1,0,3,-1,1
2023/2024,2024-05-12 15:30:00+00:00,Manchester United,Arsenal,0,1,,,0,0,1,0,3,-1,1
2023/2024,2024-05-13 19:00:00+00:00,Aston Villa,Liverpool,3,3,,,0,1,0,1,1,0,0
2023/2024,2024-05-14 19:00:00+00:00,Tottenham,Manchester City,0,2,,,0,0,1,0,3,-2,2
2023/2024,2024-05-15 18:45:00+00:00,Brighton,Chelsea,1,2,,,0,0,1,0,3,-1,1
2023/2024,2024-05-15 19:00:00+00:00,Manchester United,Newcastle,3,2,,,1,0,0,3,0,1,-1
2023/2024,2024-05-19 15:00:00+00:00,Liverpool,Wolves,2,0,,,1,0,0,3,0,2,-2
2023/2024,2024-05-19 15:00:00+00:00,Arsenal,Everton,2,1,,,1,0,0,3,0,1,-1
2023/2024,2024-05-19 15:00:00+00:00,Burnley,Nottingham Forest,1,2,,,0,0,1,0,3,-1,1
2023/2024,2024-05-19 15:00:00+00:00,Chelsea,Bournemouth,2,1,,,1,0,0,3,0,1,-1
2023/2024,2024-05-19 15:00:00+00:00,Manchester City,West Ham,3,1,,,1,0,0,3,0,2,-2
2023/2024,2024-05-19 15:00:00+00:00,Brighton,Manchester United,0,2,,,0,0,1,0,3,-2,2
2023/2024,2024-05-19 15:00:00+00:00,Crystal Palace,Aston Villa,5,0,,,1,0,0,3,0,5,-5
2023/2024,2024-05-19 15:00:00+00:00,Brentford,Newcastle,2,4,,,0,0,1,0,3,-2,2
2023/2024,2024-05-19 15:00:00+00:00,Sheffield Utd,Tottenham,0,3,,,0,0,1,0,3,-3,3
2023/2024,2024-05-19 15:00:00+00:00,Luton,Fulham,2,4,,,0,0,1,0,3,-2,2
2024/2025,2024-08-16 19:00:00+00:00,Manchester United,Fulham,1,0,,,1,0,0,3,0,1,-1
2024/2025,2024-08-17 11:30:00+00:00,Ipswich,Liverpool,0,2,,,0,0,1,0,3,-2,2
2024/2025,2024-08-17 14:00:00+00:00,Nottingham Forest,Bournemouth,1,1,,,0,1,0,1,1,0,0
2024/2025,2024-08-17 14:00:00+00:00,Everton,Brighton,0,3,,,0,0,1,0,3,-3,3
2024/2025,2024-08-17 14:00:00+00:00,Newcastle,Southampton,1,0,,,1,0,0,3,0,1,-1
2024/2025,2024-08-17 14:00:00+00:00,Arsenal,Wolves,2,0,,,1,0,0,3,0,2,-2
2024/2025,2024-08-17 16:30:00+00:00,West Ham,Aston Villa,1,2,,,0,0,1,0,3,-1,1
2024/2025,2024-08-18 13:00:00+00:00,Brentford,Crystal Palace,2,1,,,1,0,0,3,0,1,-1
2024/2025,2024-08-18 15:30:00+00:00,Chelsea,Manchester City,0,2,,,0,0,1,0,3,-2,2
2024/2025,2024-08-19 19:00:00+00:00,Leicester,Tottenham,1,1,,,0,1,0,1,1,0,0
2024/2025,2024-08-24 11:30:00+00:00,Brighton,Manchester United,2,1,,,1,0,0,3,0,1,-1
2024/2025,2024-08-24 14:00:00+00:00,Southampton,Nottingham Forest,0,1,,,0,0,1,0,3,-1,1
2024/2025,2024-08-24 14:00:00+00:00,Fulham,Leicester,2,1,,,1,0,0,3,0,1,-1
2024/2025,2024-08-24 14:00:00+00:00,Tottenham,Everton,4,0,,,1,0,0,3,0,4,-4
2024/2025,2024-08-24 14:00:00+00:00,Manchester City,Ipswich,4,1,,,1,0,0,3,0,3,-3
2024/2025,2024-08-24 14:00:00+00:00,Crystal Palace,West Ham,0,2,,,0,0,1,0,3,-2,2
2024/2025,2024-08-24 16:30:00+00:00,Aston Villa,Arsenal,0,2,,,0,0,1,0,3,-2,2
2024/2025,2024-08-25 13:00:00+00:00,Bournemouth,Newcastle,1,1,,,0,1,0,1,1,0,0
2024/2025,2024-08-25 13:00:00+00:00,Wolves,Chelsea,2,6,,,0,0,1,0,3,-4,4
2024/2025,2024-08-25 15:30:00+00:00,Liverpool,Brentford,2,0,,,1,0,0,3,0,2,-2
2024/2025,2024-08-31 11:30:00+00:00,Arsenal,Brighton,1,1,,,0,1,0,1,1,0,0
2024/2025,2024-08-31 14:00:00+00:00,Leicester,Aston Villa,1,2,,,0,0,1,0,3,-1,1
2024/2025,2024-08-31 14:00:00+00:00,Nottingham Forest,Wolves,1,1,,,0,1,0,1,1,0,0
2024/2025,2024-08-31 14:00:00+00:00,Ipswich,Fulham,1,1,,,0,1,0,1,1,0,0
2024/2025,2024-08-31 14:00:00+00:00,Everton,Bournemouth,2,3,,,0,0,1,0,3,-1,1
2024/2025,2024-08-31 14:00:00+00:00,Brentford,Southampton,3,1,,,1,0,0,3,0,2,-2
2024/2025,2024-08-31 16:30:00+00:00,West Ham,Manchester City,1,3,,,0,0,1,0,3,-2,2
2024/2025,2024-09-01 12:30:00+00:00,Newcastle,Tottenham,2,1,,,1,0,0,3,0,1,-1
2024/2025,2024-09-01 12:30:00+00:00,Chelsea,Crystal Palace,1,1,,,0,1,0,1,1,0,0
2024/2025,2024-09-01 15:00:00+00:00,Manchester United,Liverpool,0,3,,,0,0,1,0,3,-3,3
2024/2025,2024-09-14 11:30:00+00:00,Southampton,Manchester United,0,3,,,0,0,1,0,3,-3,3
2024/2025,2024-09-14 14:00:00+00:00,Fulham,West Ham,1,1,,,0,1,0,1,1,0,0
2024/2025,2024-09-14 14:00:00+00:00,Liverpool,Nottingham Forest,0,1,,,0,0,1,0,3,-1,1
2024/2025,2024-09-14 14:00:00+00:00,Manchester City,Brentford,2,1,,,1,0,0,3,0,1,-1
2024/2025,2024-09-14 14:00:00+00:00,Brighton,Ipswich,0,0,,,0,1,0,1,1,0,0
2024/2025,2024-09-14 14:00:00+00:00,Crystal Palace,Leicester,2,2,,,0,1,0,1,1,0,0
2024/2025,2024-09-14 16:30:00+00:00,Aston Villa,Everton,3,2,,,1,0,0,3,0,1,-1
2024/2025,2024-09-14 19:00:00+00:00,Bournemouth,Chelsea,0,1,,,0,0,1,0,3,-1,1
2024/2025,2024-09-15 13:00:00+00:00,Tottenham,Arsenal,0,1,,,0,0,1,0,3,-1,1
2024/2025,2024-09-15 15:30:00+00:00,Wolves,Newcastle,1,2,,,0,0,1,0,3,-1,1
2024/2025,2024-09-21 11:30:00+00:00,West Ham,Chelsea,0,3,,,0,0,1,0,3,-3,3
2024/2025,2024-09-21 14:00:00+00:00,Fulham,Newcastle,3,1,,,1,0,0,3,0,2,-2
2024/2025,2024-09-21 14:00:00+00:00,Liverpool,Bournemouth,3,0,,,1,0,0,3,0,3,-3
2024/2025,2024-09-21 14:00:00+00:00,Southampton,Ipswich,1,1,,,0,1,0,1,1,0,0
2024/2025,2024-09-21 14:00:00+00:00,Leicester,Everton,1,1,,,0,1,0,1,1,0,0
2024/2025,2024-09-21 14:00:00+00:00,Tottenham,Brentford,3,1,,,1,0,0,3,0,2,-2
2024/2025,2024-09-21 14:00:00+00:00,Aston Villa,Wolves,3,1,,,1,0,0,3,0,2,-2
2024/2025,2024-09-21 16:30:00+00:00,Crystal Palace,Manchester United,0,0,,,0,1,0,1,1,0,0
2024/2025,2024-09-22 13:00:00+00:00,Brighton,Nottingham Forest,2,2,,,0,1,0,1,1,0,0
2024/2025,2024-09-22 15:30:00+00:00,Manchester City,Arsenal,2,2,,,0,1,0,1,1,0,0
2024/2025,2024-09-28 11:30:00+00:00,Newcastle,Manchester City,1,1,,,0,1,0,1,1,0,0
2024/2025,2024-09-28 14:00:00+00:00,Arsenal,Leicester,4,2,,,1,0,0,3,0,2,-2
2024/2025,2024-09-28 14:00:00+00:00,Everton,Crystal Palace,2,1,,,1,0,0,3,0,1,-1
2024/2025,2024-09-28 14:00:00+00:00,Chelsea,Brighton,4,2,,,1,0,0,3,0,2,-2
2024/2025,2024-09-28 14:00:00+00:00,Brentford,West Ham,1,1,,,0,1,0,1,1,0,0
2024/2025,2024-09-28 14:00:00+00:00,Nottingham Forest,Fulham,0,1,,,0,0,1,0,3,-1,1
2024/2025,2024-09-28 16:30:00+00:00,Wolves,Liverpool,1,2,,,0,0,1,0,3,-1,1
2024/2025,2024-09-29 13:00:00+00:00,Ipswich,Aston Villa,2,2,,,0,1,0,1,1,0,0
2024/2025,2024-09-29 15:30:00+00:00,Manchester United,Tottenham,0,3,,,0,0,1,0,3,-3,3
2024/2025,2024-09-30 19:00:00+00:00,Bournemouth,Southampton,3,1,,,1,0,0,3,0,2,-2
2024/2025,2024-10-05 11:30:00+00:00,Crystal Palace,Liverpool,0,1,,,0,0,1,0,3,-1,1
2024/2025,2024-10-05 14:00:00+00:00,Arsenal,Southampton,3,1,,,1,0,0,3,0,2,-2
2024/2025,2024-10-05 14:00:00+00:00,Leicester,Bournemouth,1,0,,,1,0,0,3,0,1,-1
2024/2025,2024-10-05 14:00:00+00:00,West Ham,Ipswich,4,1,,,1,0,0,3,0,3,-3
2024/2025,2024-10-05 14:00:00+00:00,Manchester City,Fulham,3,2,,,1,0,0,3,0,1,-1
2024/2025,2024-10-05 14:00:00+00:00,Brentford,Wolves,5,3,,,1,0,0,3,0,2,-2
2024/2025,2024-10-05 16:30:00+00:00,Everton,Newcastle,0,0,,,0,1,0,1,1,0,0
2024/2025,2024-10-06 13:00:00+00:00,Chelsea,Nottingham Forest,1,1,,,0,1,0,1,1,0,0
2024/2025,2024-10-06 13:00:00+00:00,Aston Villa,Manchester United,0,0,,,0,1,0,1,1,0,0
2024/2025,2024-10-06 15:30:00+00:00,Brighton,Tottenham,3,2,,,1,0,0,3,0,1,-1
2024/2025,2024-10-19 11:30:00+00:00,Tottenham,West Ham,4,1,,,1,0,0,3,0,3,-3
2024/2025,2024-10-19 14:00:00+00:00,Ipswich,Everton,0,2,,,0,0,1,0,3,-2,2
2024/2025,2024-10-19 14:00:00+00:00,Southampton,Leicester,2,3,,,0,0,1,0,3,-1,1
2024/2025,2024-10-19 14:00:00+00:00,Manchester United,Brentford,2,1,,,1,0,0,3,0,1,-1
2024/2025,2024-10-19 14:00:00+00:00,Newcastle,Brighton,0,1,,,0,0,1,0,3,-1,1
2024/2025,2024-10-19 14:00:00+00:00,Fulham,Aston Villa,1,3,,,0,0,1,0,3,-2,2
2024/2025,2024-10-19 16:30:00+00:00,Bournemouth,Arsenal,2,0,,,1,0,0,3,0,2,-2
2024/2025,2024-10-20 13:00:00+00:00,Wolves,Manchester City,1,2,,,0,0,1,0,3,-1,1
2024/2025,2024-10-20 15:30:00+00:00,Liverpool,Chelsea,2,1,,,1,0,0,3,0,1,-1
2024/2025,2024-10-21 19:00:00+00:00,Nottingham Forest,Crystal Palace,1,0,,,1,0,0,3,0,1,-1
2024/2025,2024-10-25 19:00:00+00:00,Leicester,Nottingham Forest,1,3,,,0,0,1,0,3,-2,2
2024/2025,2024-10-26 14:00:00+00:00,Aston Villa,Bournemouth,1,1,,,0,1,0,1,1,0,0
2024/2025,2024-10-26 14:00:00+00:00,Manchester City,Southampton,1,0,,,1,0,0,3,0,1,-1
2024/2025,2024-10-26 14:00:00+00:00,Brighton,Wolves,2,2,,,0,1,0,1,1,0,0
2024/2025,2024-10-26 14:00:00+00:00,Brentford,Ipswich,4,3,,,1,0,0,3,0,1,-1
2024/2025,2024-10-26 16:30:00+00:00,Everton,Fulham,1,1,,,0,1,0,1,1,0,0
2024/2025,2024-10-27 13:00:00+00:00,Chelsea,Newcastle,2,1,,,1,0,0,3,0,1,-1
2024/2025,2024-10-27 13:00:00+00:00,West Ham,Manchester United,2,1,,,1,0,0,3,0,1,-1
2024/2025,2024-10-27 13:00:00+00:00,Crystal Palace,Tottenham,1,0,,,1,0,0,3,0,1,-1
2024/2025,2024-10-27 15:30:00+00:00,Arsenal,Liverpool,2,2,,,0,1,0,1,1,0,0
2024/2025,2024-11-02 12:30:00+00:00,Newcastle,Arsenal,1,0,,,1,0,0,3,0,1,-1
2024/2025,2024-11-02 15:00:00+00:00,Nottingham Forest,West Ham,3,0,,,1,0,0,3,0,3,-3
2024/2025,2024-11-02 15:00:00+00:00,Ipswich,Leicester,1,1,,,0,1,0,1,1,0,0
2024/2025,2024-11-02 15:00:00+00:00,Liverpool,Brighton,2,1,,,1,0,0,3,0,1,-1
2024/2025,2024-11-02 15:00:00+00:00,Southampton,Everton,1,0,,,1,0,0,3,0,1,-1
2024/2025,2024-11-02 15:00:00+00:00,Bournemouth,Manchester City,2,1,,,1,0,0,3,0,1,-1
2024/2025,2024-11-02 17:30:00+00:00,Wolves,Crystal Palace,2,2,,,0,1,0,1,1,0,0
2024/2025,2024-11-03 14:00:00+00:00,Tottenham,Aston Villa,4,1,,,1,0,0,3,0,3,-3
2024/2025,2024-11-03 16:30:00+00:00,Manchester United,Chelsea,1,1,,,0,1,0,1,1,0,0
2024/2025,2024-11-04 20:00:00+00:00,Fulham,Brentford,2,1,,,1,0,0,3,0,1,-1
2024/2025,2024-11-09 15:00:00+00:00,Wolves,Southampton,2,0,,,1,0,0,3,0,2,-2
2024/2025,2024-11-09 15:00:00+00:00,West Ham,Everton,0,0,,,0,1,0,1,1,0,0
2024/2025,2024-11-09 15:00:00+00:00,Crystal Palace,Fulham,0,2,,,0,0,1,0,3,-2,2
2024/2025,2024-11-09 15:00:00+00:00,Brentford,Bournemouth,3,2,,,1,0,0,3,0,1,-1
2024/2025,2024-11-09 17:30:00+00:00,Brighton,Manchester City,2,1,,,1,0,0,3,0,1,-1
2024/2025,2024-11-09 20:00:00+00:00,Liverpool,Aston Villa,2,0,,,1,0,0,3,0,2,-2
2024/2025,2024-11-10 14:00:00+00:00,Manchester United,Leicester,3,0,,,1,0,0,3,0,3,-3
2024/2025,2024-11-10 14:00:00+00:00,Tottenham,Ipswich,1,2,,,0,0,1,0,3,-1,1
2024/2025,2024-11-10 14:00:00+00:00,Nottingham Forest,Newcastle,1,3,,,0,0,1,0,3,-2,2
2024/2025,2024-11-10 16:30:00+00:00,Chelsea,Arsenal,1,1,,,0,1,0,1,1,0,0
2024/2025,2024-11-23 12:30:00+00:00,Leicester,Chelsea,1,2,,,0,0,1,0,3,-1,1
2024/2025,2024-11-23 15:00:00+00:00,Bournemouth,Brighton,1,2,,,0,0,1,0,3,-1,1
2024/2025,2024-11-23 15:00:00+00:00,Fulham,Wolves,1,4,,,0,0,1,0,3,-3,3
2024/2025,2024-11-23 15:00:00+00:00,Arsenal,Nottingham Forest,3,0,,,1,0,0,3,0,3,-3
2024/2025,2024-11-23 15:00:00+00:00,Everton,Brentford,0,0,,,0,1,0,1,1,0,0
2024/2025,2024-11-23 15:00:00+00:00,Aston Villa,Crystal Palace,2,2,,,0,1,0,1,1,0,0
2024/2025,2024-11-23 17:30:00+00:00,Manchester City,Tottenham,0,4,,,0,0,1,0,3,-4,4
2024/2025,2024-11-24 14:00:00+00:00,Southampton,Liverpool,2,3,,,0,0,1,0,3,-1,1
2024/2025,2024-11-24 16:30:00+00:00,Ipswich,Manchester United,1,1,,,0,1,0,1,1,0,0
2024/2025,2024-11-25 20:00:00+00:00,Newcastle,West Ham,0,2,,,0,0,1,0,3,-2,2
2024/2025,2024-11-29 20:00:00+00:00,Brighton,Southampton,1,1,,,0,1,0,1,1,0,0
2024/2025,2024-11-30 15:00:00+00:00,Wolves,Bournemouth,2,4,,,0,0,1,0,3,-2,2
2024/2025,2024-11-30 15:00:00+00:00,Crystal Palace,Newcastle,1,1,,,0,1,0,1,1,0,0
2024/2025,2024-11-30 15:00:00+00:00,Brentford,Leicester,4,1,,,1,0,0,3,0,3,-3
2024/2025,2024-11-30 15:00:00+00:00,Nottingham Forest,Ipswich,1,0,,,1,0,0,3,0,1,-1
2024/2025,2024-11-30 17:30:00+00:00,West Ham,Arsenal,2,5,,,0,0,1,0,3,-3,3
2024/2025,2024-12-01 13:30:00+00:00,Chelsea,Aston Villa,3,0,,,1,0,0,3,0,3,-3
2024/2025,2024-12-01 13:30:00+00:00,Tottenham,Fulham,1,1,,,0,1,0,1,1,0,0
2024/2025,2024-12-01 13:30:00+00:00,Manchester United,Everton,4,0,,,1,0,0,3,0,4,-4
2024/2025,2024-12-01 16:00:00+00:00,Liverpool,Manchester City,2,0,,,1,0,0,3,0,2,-2
2024/2025,2024-12-03 19:30:00+00:00,Ipswich,Crystal Palace,0,1,,,0,0,1,0,3,-1,1
2024/2025,2024-12-03 20:15:00+00:00,Leicester,West Ham,3,1,,,1,0,0,3,0,2,-2
2024/2025,2024-12-04 19:30:00+00:00,Newcastle,Liverpool,3,3,,,0,1,0,1,1,0,0
2024/2025,2024-12-04 19:30:00+00:00,Southampton,Chelsea,1,5,,,0,0,1,0,3,-4,4
2024/2025,2024-12-04 19:30:00+00:00,Everton,Wolves,4,0,,,1,0,0,3,0,4,-4
2024/2025,2024-12-04 19:30:00+00:00,Manchester City,Nottingham Forest,3,0,,,1,0,0,3,0,3,-3
2024/2025,2024-12-04 20:15:00+00:00,Aston Villa,Brentford,3,1,,,1,0,0,3,0,2,-2
2024/2025,2024-12-04 20:15:00+00:00,Arsenal,Manchester United,2,0,,,1,0,0,3,0,2,-2
2024/2025,2024-12-05 19:30:00+00:00,Fulham,Brighton,3,1,,,1,0,0,3,0,2,-2
2024/2025,2024-12-05 20:15:00+00:00,Bournemouth,Tottenham,1,0,,,1,0,0,3,0,1,-1
2024/2025,2024-12-07 15:00:00+00:00,Crystal Palace,Manchester City,2,2,,,0,1,0,1,1,0,0
2024/2025,2024-12-07 15:00:00+00:00,Brentford,Newcastle,4,2,,,1,0,0,3,0,2,-2
2024/2025,2024-12-07 15:00:00+00:00,Aston Villa,Southampton,1,0,,,1,0,0,3,0,1,-1
2024/2025,2024-12-07 17:30:00+00:00,Manchester United,Nottingham Forest,2,3,,,0,0,1,0,3,-1,1
2024/2025,2024-12-08 14:00:00+00:00,Ipswich,Bournemouth,1,2,,,0,0,1,0,3,-1,1
2024/2025,2024-12-08 14:00:00+00:00,Fulham,Arsenal,1,1,,,0,1,0,1,1,0,0
2024/2025,2024-12-08 14:00:00+00:00,Leicester,Brighton,2,2,,,0,1,0,1,1,0,0
2024/2025,2024-12-08 16:30:00+00:00,Tottenham,Chelsea,3,4,,,0,0,1,0,3,-1,1
2024/2025,2024-12-09 20:00:00+00:00,West Ham,Wolves,2,1,,,1,0,0,3,0,1,-1
2024/2025,2024-12-14 15:00:00+00:00,Newcastle,Leicester,4,0,,,1,0,0,3,0,4,-4
2024/2025,2024-12-14 15:00:00+00:00,Wolves,Ipswich,1,2,,,0,0,1,0,3,-1,1
2024/2025,2024-12-14 15:00:00+00:00,Liverpool,Fulham,2,2,,,0,1,0,1,1,0,0
2024/2025,2024-12-14 15:00:00+00:00,Arsenal,Everton,0,0,,,0,1,0,1,1,0,0
2024/2025,2024-12-14 17:30:00+00:00,Nottingham Forest,Aston Villa,2,1,,,1,0,0,3,0,1,-1
2024/2025,2024-12-15 14:00:00+00:00,Brighton,Crystal Palace,1,3,,,0,0,1,0,3,-2,2
2024/2025,2024-12-15 16:30:00+00:00,Manchester City,Manchester United,1,2,,,0,0,1,0,3,-1,1
2024/2025,2024-12-15 19:00:00+00:00,Southampton,Tottenham,0,5,,,0,0,1,0,3,-5,5
2024/2025,2024-12-15 19:00:00+00:00,Chelsea,Brentford,2,1,,,1,0,0,3,0,1,-1
2024/2025,2024-12-16 20:00:00+00:00,Bournemouth,West Ham,1,1,,,0,1,0,1,1,0,0
2024/2025,2024-12-21 12:30:00+00:00,Aston Villa,Manchester City,2,1,,,1,0,0,3,0,1,-1
2024/2025,2024-12-21 15:00:00+00:00,Brentford,Nottingham Forest,0,2,,,0,0,1,0,3,-2,2
2024/2025,2024-12-21 15:00:00+00:00,Ipswich,Newcastle,0,4,,,0,0,1,0,3,-4,4
2024/2025,2024-12-21 15:00:00+00:00,West Ham,Brighton,1,1,,,0,1,0,1,1,0,0
2024/2025,2024-12-21 17:30:00+00:00,Crystal Palace,Arsenal,1,5,,,0,0,1,0,3,-4,4
2024/2025,2024-12-22 14:00:00+00:00,Manchester United,Bournemouth,0,3,,,0,0,1,0,3,-3,3
2024/2025,2024-12-22 14:00:00+00:00,Fulham,Southampton,0,0,,,0,1,0,1,1,0,0
2024/2025,2024-12-22 14:00:00+00:00,Everton,Chelsea,0,0,,,0,1,0,1,1,0,0
2024/2025,2024-12-22 14:00:00+00:00,Leicester,Wolves,0,3,,,0,0,1,0,3,-3,3
2024/2025,2024-12-22 16:30:00+00:00,Tottenham,Liverpool,3,6,,,0,0,1,0,3,-3,3
2024/2025,2024-12-26 12:30:00+00:00,Manchester City,Everton,1,1,,,0,1,0,1,1,0,0
2024/2025,2024-12-26 15:00:00+00:00,Newcastle,Aston Villa,3,0,,,1,0,0,3,0,3,-3
2024/2025,2024-12-26 15:00:00+00:00,Bournemouth,Crystal Palace,0,0,,,0,1,0,1,1,0,0
2024/2025,2024-12-26 15:00:00+00:00,Southampton,West Ham,0,1,,,0,0,1,0,3,-1,1
2024/2025,2024-12-26 15:00:00+00:00,Chelsea,Fulham,1,2,,,0,0,1,0,3,-1,1
2024/2025,2024-12-26 15:00:00+00:00,Nottingham Forest,Tottenham,1,0,,,1,0,0,3,0,1,-1
2024/2025,2024-12-26 17:30:00+00:00,Wolves,Manchester United,2,0,,,1,0,0,3,0,2,-2
2024/2025,2024-12-26 20:00:00+00:00,Liverpool,Leicester,3,1,,,1,0,0,3,0,2,-2
2024/2025,2024-12-27 19:30:00+00:00,Brighton,Brentford,0,0,,,0,1,0,1,1,0,0
2024/2025,2024-12-27 20:15:00+00:00,Arsenal,Ipswich,1,0,,,1,0,0,3,0,1,-1
2024/2025,2024-12-29 14:30:00+00:00,Leicester,Manchester City,0,2,,,0,0,1,0,3,-2,2
2024/2025,2024-12-29 15:00:00+00:00,Fulham,Bournemouth,2,2,,,0,1,0,1,1,0,0
2024/2025,2024-12-29 15:00:00+00:00,Everton,Nottingham Forest,0,2,,,0,0,1,0,3,-2,2
2024/2025,2024-12-29 15:00:00+00:00,Tottenham,Wolves,2,2,,,0,1,0,1,1,0,0
2024/2025,2024-12-29 15:00:00+00:00,Crystal Palace,Southampton,2,1,,,1,0,0,3,0,1,-1
2024/2025,2024-12-29 17:15:00+00:00,West Ham,Liverpool,0,5,,,0,0,1,0,3,-5,5
2024/2025,2024-12-30 19:45:00+00:00,Ipswich,Chelsea,2,0,,,1,0,0,3,0,2,-2
2024/2025,2024-12-30 19:45:00+00:00,Aston Villa,Brighton,2,2,,,0,1,0,1,1,0,0
2024/2025,2024-12-30 20:00:00+00:00,Manchester United,Newcastle,0,2,,,0,0,1,0,3,-2,2
2024/2025,2025-01-01 17:30:00+00:00,Brentford,Arsenal,1,3,,,0,0,1,0,3,-2,2
2024/2025,2025-01-04 12:30:00+00:00,Tottenham,Newcastle,1,2,,,0,0,1,0,3,-1,1
2024/2025,2025-01-04 15:00:00+00:00,Bournemouth,Everton,1,0,,,1,0,0,3,0,1,-1
2024/2025,2025-01-04 15:00:00+00:00,Southampton,Brentford,0,5,,,0,0,1,0,3,-5,5
2024/2025,2025-01-04 15:00:00+00:00,Manchester City,West Ham,4,1,,,1,0,0,3,0,3,-3
2024/2025,2025-01-04 15:00:00+00:00,Crystal Palace,Chelsea,1,1,,,0,1,0,1,1,0,0
2024/2025,2025-01-04 15:00:00+00:00,Aston Villa,Leicester,2,1,,,1,0,0,3,0,1,-1
2024/2025,2025-01-04 17:30:00+00:00,Brighton,Arsenal,1,1,,,0,1,0,1,1,0,0
2024/2025,2025-01-05 14:00:00+00:00,Fulham,Ipswich,2,2,,,0,1,0,1,1,0,0
2024/2025,2025-01-05 16:30:00+00:00,Liverpool,Manchester United,2,2,,,0,1,0,1,1,0,0
2024/2025,2025-01-06 20:00:00+00:00,Wolves,Nottingham Forest,0,3,,,0,0,1,0,3,-3,3
2024/2025,2025-01-14 19:30:00+00:00,West Ham,Fulham,3,2,,,1,0,0,3,0,1,-1
2024/2025,2025-01-14 19:30:00+00:00,Chelsea,Bournemouth,2,2,,,0,1,0,1,1,0,0
2024/2025,2025-01-14 19:30:00+00:00,Brentford,Manchester City,2,2,,,0,1,0,1,1,0,0
2024/2025,2025-01-14 20:00:00+00:00,Nottingham Forest,Liverpool,1,1,,,0,1,0,1,1,0,0
2024/2025,2025-01-15 19:30:00+00:00,Newcastle,Wolves,3,0,,,1,0,0,3,0,3,-3
2024/2025,2025-01-15 19:30:00+00:00,Everton,Aston Villa,0,1,,,0,0,1,0,3,-1,1
2024/2025,2025-01-15 19:30:00+00:00,Leicester,Crystal Palace,0,2,,,0,0,1,0,3,-2,2
2024/2025,2025-01-15 20:00:00+00:00,Arsenal,Tottenham,2,1,,,1,0,0,3,0,1,-1
2024/2025,2025-01-16 19:30:00+00:00,Ipswich,Brighton,0,2,,,0,0,1,0,3,-2,2
2024/2025,2025-01-16 20:00:00+00:00,Manchester United,Southampton,3,1,,,1,0,0,3,0,2,-2
2024/2025,2025-01-18 12:30:00+00:00,Newcastle,Bournemouth,1,4,,,0,0,1,0,3,-3,3
2024/2025,2025-01-18 15:00:00+00:00,West Ham,Crystal Palace,0,2,,,0,0,1,0,3,-2,2
2024/2025,2025-01-18 15:00:00+00:00,Brentford,Liverpool,0,2,,,0,0,1,0,3,-2,2
2024/2025,2025-01-18 15:00:00+00:00,Leicester,Fulham,0,2,,,0,0,1,0,3,-2,2
2024/2025,2025-01-18 17:30:00+00:00,Arsenal,Aston Villa,2,2,,,0,1,0,1,1,0,0
2024/2025,2025-01-19 14:00:00+00:00,Manchester United,Brighton,1,3,,,0,0,1,0,3,-2,2
2024/2025,2025-01-19 14:00:00+00:00,Everton,Tottenham,3,2,,,1,0,0,3,0,1,-1
2024/2025,2025-01-19 14:00:00+00:00,Nottingham Forest,Southampton,3,2,,,1,0,0,3,0,1,-1
2024/2025,2025-01-19 16:30:00+00:00,Ipswich,Manchester City,0,6,,,0,0,1,0,3,-6,6
2024/2025,2025-01-20 20:00:00+00:00,Chelsea,Wolves,3,1,,,1,0,0,3,0,2,-2
2024/2025,2025-01-25 15:00:00+00:00,Wolves,Arsenal,0,1,,,0,0,1,0,3,-1,1
2024/2025,2025-01-25 15:00:00+00:00,Bournemouth,Nottingham Forest,5,0,,,1,0,0,3,0,5,-5
2024/2025,2025-01-25 15:00:00+00:00,Liverpool,Ipswich,4,1,,,1,0,0,3,0,3,-3
2024/2025,2025-01-25 15:00:00+00:00,Southampton,Newcastle,1,3,,,0,0,1,0,3,-2,2
2024/2025,2025-01-25 15:00:00+00:00,Brighton,Everton,0,1,,,0,0,1,0,3,-1,1
2024/2025,2025-01-25 17:30:00+00:00,Manchester City,Chelsea,3,1,,,1,0,0,3,0,2,-2
2024/2025,2025-01-26 14:00:00+00:00,Tottenham,Leicester,1,2,,,0,0,1,0,3,-1,1
2024/2025,2025-01-26 14:00:00+00:00,Crystal Palace,Brentford,1,2,,,0,0,1,0,3,-1,1
2024/2025,2025-01-26 16:30:00+00:00,Aston Villa,West Ham,1,1,,,0,1,0,1,1,0,0
2024/2025,2025-01-26 19:00:00+00:00,Fulham,Manchester United,0,1,,,0,0,1,0,3,-1,1
2024/2025,2025-02-01 12:30:00+00:00,Nottingham Forest,Brighton,7,0,,,1,0,0,3,0,7,-7
2024/2025,2025-02-01 15:00:00+00:00,Ipswich,Southampton,1,2,,,0,0,1,0,3,-1,1
2024/2025,2025-02-01 15:00:00+00:00,Everton,Leicester,4,0,,,1,0,0,3,0,4,-4
2024/2025,2025-02-01 15:00:00+00:00,Bournemouth,Liverpool,0,2,,,0,0,1,0,3,-2,2
2024/2025,2025-02-01 15:00:00+00:00,Newcastle,Fulham,1,2,,,0,0,1,0,3,-1,1
2024/2025,2025-02-01 17:30:00+00:00,Wolves,Aston Villa,2,0,,,1,0,0,3,0,2,-2
2024/2025,2025-02-02 14:00:00+00:00,Manchester United,Crystal Palace,0,2,,,0,0,1,0,3,-2,2
2024/2025,2025-02-02 14:00:00+00:00,Brentford,Tottenham,0,2,,,0,0,1,0,3,-2,2
2024/2025,2025-02-02 16:30:00+00:00,Arsenal,Manchester City,5,1,,,1,0,0,3,0,4,-4
2024/2025,2025-02-03 20:00:00+00:00,Chelsea,West Ham,2,1,,,1,0,0,3,0,1,-1
2024/2025,2025-02-12 19:30:00+00:00,Everton,Liverpool,2,2,,,0,1,0,1,1,0,0
2024/2025,2025-02-14 20:00:00+00:00,Brighton,Chelsea,3,0,,,1,0,0,3,0,3,-3
2024/2025,2025-02-15 12:30:00+00:00,Leicester,Arsenal,0,2,,,0,0,1,0,3,-2,2
2024/2025,2025-02-15 15:00:00+00:00,Fulham,Nottingham Forest,2,1,,,1,0,0,3,0,1,-1
2024/2025,2025-02-15 15:00:00+00:00,Southampton,Bournemouth,1,3,,,0,0,1,0,3,-2,2
2024/2025,2025-02-15 15:00:00+00:00,West Ham,Brentford,0,1,,,0,0,1,0,3,-1,1
2024/2025,2025-02-15 15:00:00+00:00,Manchester City,Newcastle,4,0,,,1,0,0,3,0,4,-4
2024/2025,2025-02-15 15:00:00+00:00,Aston Villa,Ipswich,1,1,,,0,1,0,1,1,0,0
2024/2025,2025-02-15 17:30:00+00:00,Crystal Palace,Everton,1,2,,,0,0,1,0,3,-1,1
2024/2025,2025-02-16 14:00:00+00:00,Liverpool,Wolves,2,1,,,1,0,0,3,0,1,-1
2024/2025,2025-02-16 16:30:00+00:00,Tottenham,Manchester United,1,0,,,1,0,0,3,0,1,-1
2024/2025,2025-02-19 19:30:00+00:00,Aston Villa,Liverpool,2,2,,,0,1,0,1,1,0,0
2024/2025,2025-02-21 20:00:00+00:00,Leicester,Brentford,0,4,,,0,0,1,0,3,-4,4
2024/2025,2025-02-22 12:30:00+00:00,Everton,Manchester United,2,2,,,0,1,0,1,1,0,0
2024/2025,2025-02-22 15:00:00+00:00,Bournemouth,Wolves,0,1,,,0,0,1,0,3,-1,1
2024/2025,2025-02-22 15:00:00+00:00,Fulham,Crystal Palace,0,2,,,0,0,1,0,3,-2,2
2024/2025,2025-02-22 15:00:00+00:00,Southampton,Brighton,0,4,,,0,0,1,0,3,-4,4
2024/2025,2025-02-22 15:00:00+00:00,Arsenal,West Ham,0,1,,,0,0,1,0,3,-1,1
2024/2025,2025-02-22 15:00:00+00:00,Ipswich,Tottenham,1,4,,,0,0,1,0,3,-3,3
2024/2025,2025-02-22 17:30:00+00:00,Aston Villa,Chelsea,2,1,,,1,0,0,3,0,1,-1
2024/2025,2025-02-23 14:00:00+00:00,Newcastle,Nottingham Forest,4,3,,,1,0,0,3,0,1,-1
2024/2025,2025-02-23 16:30:00+00:00,Manchester City,Liverpool,0,2,,,0,0,1,0,3,-2,2
2024/2025,2025-02-25 19:30:00+00:00,Wolves,Fulham,1,2,,,0,0,1,0,3,-1,1
2024/2025,2025-02-25 19:30:00+00:00,Brighton,Bournemouth,2,1,,,1,0,0,3,0,1,-1
2024/2025,2025-02-25 19:30:00+00:00,Crystal Palace,Aston Villa,4,1,,,1,0,0,3,0,3,-3
2024/2025,2025-02-25 20:15:00+00:00,Chelsea,Southampton,4,0,,,1,0,0,3,0,4,-4
2024/2025,2025-02-26 19:30:00+00:00,Nottingham Forest,Arsenal,0,0,,,0,1,0,1,1,0,0
2024/2025,2025-02-26 19:30:00+00:00,Brentford,Everton,1,1,,,0,1,0,1,1,0,0
2024/2025,2025-02-26 19:30:00+00:00,Tottenham,Manchester City,0,1,,,0,0,1,0,3,-1,1
2024/2025,2025-02-26 19:30:00+00:00,Manchester United,Ipswich,3,2,,,1,0,0,3,0,1,-1
2024/2025,2025-02-26 20:15:00+00:00,Liverpool,Newcastle,2,0,,,1,0,0,3,0,2,-2
2024/2025,2025-02-27 20:00:00+00:00,West Ham,Leicester,2,0,,,1,0,0,3,0,2,-2
2024/2025,2025-03-08 12:30:00+00:00,Nottingham Forest,Manchester City,1,0,,,1,0,0,3,0,1,-1
2024/2025,2025-03-08 15:00:00+00:00,Liverpool,Southampton,3,1,,,1,0,0,3,0,2,-2
2024/2025,2025-03-08 15:00:00+00:00,Brighton,Fulham,2,1,,,1,0,0,3,0,1,-1
2024/2025,2025-03-08 15:00:00+00:00,Crystal Palace,Ipswich,1,0,,,1,0,0,3,0,1,-1
2024/2025,2025-03-08 17:30:00+00:00,Brentford,Aston Villa,0,1,,,0,0,1,0,3,-1,1
2024/2025,2025-03-08 20:00:00+00:00,Wolves,Everton,1,1,,,0,1,0,1,1,0,0
2024/2025,2025-03-09 14:00:00+00:00,Tottenham,Bournemouth,2,2,,,0,1,0,1,1,0,0
2024/2025,2025-03-09 14:00:00+00:00,Chelsea,Leicester,1,0,,,1,0,0,3,0,1,-1
2024/2025,2025-03-09 16:30:00+00:00,Manchester United,Arsenal,1,1,,,0,1,0,1,1,0,0
2024/2025,2025-03-10 20:00:00+00:00,West Ham,Newcastle,0,1,,,0,0,1,0,3,-1,1
2024/2025,2025-03-15 15:00:00+00:00,Manchester City,Brighton,2,2,,,0,1,0,1,1,0,0
2024/2025,2025-03-15 15:00:00+00:00,Ipswich,Nottingham Forest,2,4,,,0,0,1,0,3,-2,2
2024/2025,2025-03-15 15:00:00+00:00,Southampton,Wolves,1,2,,,0,0,1,0,3,-1,1
2024/2025,2025-03-15 15:00:00+00:00,Everton,West Ham,1,1,,,0,1,0,1,1,0,0
2024/2025,2025-03-15 17:30:00+00:00,Bournemouth,Brentford,1,2,,,0,0,1,0,3,-1,1
2024/2025,2025-03-16 13:30:00+00:00,Fulham,Tottenham,2,0,,,1,0,0,3,0,2,-2
2024/2025,2025-03-16 13:30:00+00:00,Arsenal,Chelsea,1,0,,,1,0,0,3,0,1,-1
2024/2025,2025-03-16 19:00:00+00:00,Leicester,Manchester United,0,3,,,0,0,1,0,3,-3,3
2024/2025,2025-04-01 18:45:00+00:00,Wolves,West Ham,1,0,,,1,0,0,3,0,1,-1
2024/2025,2025-04-01 18:45:00+00:00,Arsenal,Fulham,2,1,,,1,0,0,3,0,1,-1
2024/2025,2025-04-01 19:00:00+00:00,Nottingham Forest,Manchester United,1,0,,,1,0,0,3,0,1,-1
2024/2025,2025-04-02 18:45:00+00:00,Newcastle,Brentford,2,1,,,1,0,0,3,0,1,-1
2024/2025,2025-04-02 18:45:00+00:00,Bournemouth,Ipswich,1,2,,,0,0,1,0,3,-1,1
2024/2025,2025-04-02 18:45:00+00:00,Southampton,Crystal Palace,1,1,,,0,1,0,1,1,0,0
2024/2025,2025-04-02 18:45:00+00:00,Manchester City,Leicester,2,0,,,1,0,0,3,0,2,-2
2024/2025,2025-04-02 18:45:00+00:00,Brighton,Aston Villa,0,3,,,0,0,1,0,3,-3,3
2024/2025,2025-04-02 19:00:00+00:00,Liverpool,Everton,1,0,,,1,0,0,3,0,1,-1
2024/2025,2025-04-03 19:00:00+00:00,Chelsea,Tottenham,1,0,,,1,0,0,3,0,1,-1
2024/2025,2025-04-05 11:30:00+00:00,Everton,Arsenal,1,1,,,0,1,0,1,1,0,0
2024/2025,2025-04-05 14:00:00+00:00,Ipswich,Wolves,1,2,,,0,0,1,0,3,-1,1
2024/2025,2025-04-05 14:00:00+00:00,Crystal Palace,Brighton,2,1,,,1,0,0,3,0,1,-1
2024/2025,2025-04-05 14:00:00+00:00,West Ham,Bournemouth,2,2,,,0,1,0,1,1,0,0
2024/2025,2025-04-05 16:30:00+00:00,Aston Villa,Nottingham Forest,2,1,,,1,0,0,3,0,1,-1
2024/2025,2025-04-06 13:00:00+00:00,Fulham,Liverpool,3,2,,,1,0,0,3,0,1,-1
2024/2025,2025-04-06 13:00:00+00:00,Tottenham,Southampton,3,1,,,1,0,0,3,0,2,-2
2024/2025,2025-04-06 13:00:00+00:00,Brentford,Chelsea,0,0,,,0,1,0,1,1,0,0
2024/2025,2025-04-06 15:30:00+00:00,Manchester United,Manchester City,0,0,,,0,1,0,1,1,0,0
2024/2025,2025-04-07 19:00:00+00:00,Leicester,Newcastle,0,3,,,0,0,1,0,3,-3,3
2024/2025,2025-04-12 11:30:00+00:00,Manchester City,Crystal Palace,5,2,,,1,0,0,3,0,3,-3
2024/2025,2025-04-12 14:00:00+00:00,Southampton,Aston Villa,0,3,,,0,0,1,0,3,-3,3
2024/2025,2025-04-12 14:00:00+00:00,Brighton,Leicester,2,2,,,0,1,0,1,1,0,0
2024/2025,2025-04-12 14:00:00+00:00,Nottingham Forest,Everton,0,1,,,0,0,1,0,3,-1,1
2024/2025,2025-04-12 16:30:00+00:00,Arsenal,Brentford,1,1,,,0,1,0,1,1,0,0
2024/2025,2025-04-13 13:00:00+00:00,Wolves,Tottenham,4,2,,,1,0,0,3,0,2,-2
2024/2025,2025-04-13 13:00:00+00:00,Liverpool,West Ham,2,1,,,1,0,0,3,0,1,-1
2024/2025,2025-04-13 13:00:00+00:00,Chelsea,Ipswich,2,2,,,0,1,0,1,1,0,0
2024/2025,2025-04-13 15:30:00+00:00,Newcastle,Manchester United,4,1,,,1,0,0,3,0,3,-3
2024/2025,2025-04-14 19:00:00+00:00,Bournemouth,Fulham,1,0,,,1,0,0,3,0,1,-1
2024/2025,2025-04-16 18:30:00+00:00,Newcastle,Crystal Palace,5,0,,,1,0,0,3,0,5,-5
2024/2025,2025-04-19 14:00:00+00:00,Everton,Manchester City,0,2,,,0,0,1,0,3,-2,2
2024/2025,2025-04-19 14:00:00+00:00,West Ham,Southampton,1,1,,,0,1,0,1,1,0,0
2024/2025,2025-04-19 14:00:00+00:00,Crystal Palace,Bournemouth,0,0,,,0,1,0,1,1,0,0
2024/2025,2025-04-19 14:00:00+00:00,Brentford,Brighton,4,2,,,1,0,0,3,0,2,-2
2024/2025,2025-04-19 16:30:00+00:00,Aston Villa,Newcastle,4,1,,,1,0,0,3,0,3,-3
2024/2025,2025-04-20 13:00:00+00:00,Manchester United,Wolves,0,1,,,0,0,1,0,3,-1,1
2024/2025,2025-04-20 13:00:00+00:00,Fulham,Chelsea,1,2,,,0,0,1,0,3,-1,1
2024/2025,2025-04-20 13:00:00+00:00,Ipswich,Arsenal,0,4,,,0,0,1,0,3,-4,4
2024/2025,2025-04-20 15:30:00+00:00,Leicester,Liverpool,0,1,,,0,0,1,0,3,-1,1
2024/2025,2025-04-21 19:00:00+00:00,Tottenham,Nottingham Forest,1,2,,,0,0,1,0,3,-1,1
2024/2025,2025-04-22 19:00:00+00:00,Manchester City,Aston Villa,2,1,,,1,0,0,3,0,1,-1
2024/2025,2025-04-23 19:00:00+00:00,Arsenal,Crystal Palace,2,2,,,0,1,0,1,1,0,0
2024/2025,2025-04-26 11:30:00+00:00,Chelsea,Everton,1,0,,,1,0,0,3,0,1,-1
2024/2025,2025-04-26 14:00:00+00:00,Brighton,West Ham,3,2,,,1,0,0,3,0,1,-1
2024/2025,2025-04-26 14:00:00+00:00,Wolves,Leicester,3,0,,,1,0,0,3,0,3,-3
2024/2025,2025-04-26 14:00:00+00:00,Newcastle,Ipswich,3,0,,,1,0,0,3,0,3,-3
2024/2025,2025-04-26 14:00:00+00:00,Southampton,Fulham,1,2,,,0,0,1,0,3,-1,1
2024/2025,2025-04-27 13:00:00+00:00,Bournemouth,Manchester United,1,1,,,0,1,0,1,1,0,0
2024/2025,2025-04-27 15:30:00+00:00,Liverpool,Tottenham,5,1,,,1,0,0,3,0,4,-4
2024/2025,2025-05-01 18:30:00+00:00,Nottingham Forest,Brentford,0,2,,,0,0,1,0,3,-2,2
2024/2025,2025-05-02 19:00:00+00:00,Manchester City,Wolves,1,0,,,1,0,0,3,0,1,-1
2024/2025,2025-05-03 11:30:00+00:00,Aston Villa,Fulham,1,0,,,1,0,0,3,0,1,-1
2024/2025,2025-05-03 14:00:00+00:00,Everton,Ipswich,2,2,,,0,1,0,1,1,0,0
2024/2025,2025-05-03 14:00:00+00:00,Leicester,Southampton,2,0,,,1,0,0,3,0,2,-2
2024/2025,2025-05-03 16:30:00+00:00,Arsenal,Bournemouth,1,2,,,0,0,1,0,3,-1,1
2024/2025,2025-05-04 13:00:00+00:00,West Ham,Tottenham,1,1,,,0,1,0,1,1,0,0
2024/2025,2025-05-04 13:00:00+00:00,Brighton,Newcastle,1,1,,,0,1,0,1,1,0,0
2024/2025,2025-05-04 13:00:00+00:00,Brentford,Manchester United,4,3,,,1,0,0,3,0,1,-1
2024/2025,2025-05-04 15:30:00+00:00,Chelsea,Liverpool,3,1,,,1,0,0,3,0,2,-2
2024/2025,2025-05-05 19:00:00+00:00,Crystal Palace,Nottingham Forest,1,1,,,0,1,0,1,1,0,0
2024/2025,2025-05-10 14:00:00+00:00,Ipswich,Brentford,0,1,,,0,0,1,0,3,-1,1
2024/2025,2025-05-10 14:00:00+00:00,Southampton,Manchester City,0,0,,,0,1,0,1,1,0,0
2024/2025,2025-05-10 14:00:00+00:00,Fulham,Everton,1,3,,,0,0,1,0,3,-2,2
2024/2025,2025-05-10 14:00:00+00:00,Wolves,Brighton,0,2,,,0,0,1,0,3,-2,2
2024/2025,2025-05-10 16:30:00+00:00,Bournemouth,Aston Villa,0,1,,,0,0,1,0,3,-1,1
2024/2025,2025-05-11 11:00:00+00:00,Newcastle,Chelsea,2,0,,,1,0,0,3,0,2,-2
2024/2025,2025-05-11 13:15:00+00:00,Manchester United,West Ham,0,2,,,0,0,1,0,3,-2,2
2024/2025,2025-05-11 13:15:00+00:00,Tottenham,Crystal Palace,0,2,,,0,0,1,0,3,-2,2
2024/2025,2025-05-11 13:15:00+00:00,Nottingham Forest,Leicester,2,2,,,0,1,0,1,1,0,0
2024/2025,2025-05-11 15:30:00+00:00,Liverpool,Arsenal,2,2,,,0,1,0,1,1,0,0
2024/2025,2025-05-16 18:30:00+00:00,Aston Villa,Tottenham,2,0,,,1,0,0,3,0,2,-2
2024/2025,2025-05-16 19:15:00+00:00,Chelsea,Manchester United,1,0,,,1,0,0,3,0,1,-1
2024/2025,2025-05-18 11:00:00+00:00,Everton,Southampton,2,0,,,1,0,0,3,0,2,-2
2024/2025,2025-05-18 13:15:00+00:00,West Ham,Nottingham Forest,1,2,,,0,0,1,0,3,-1,1
2024/2025,2025-05-18 14:00:00+00:00,Leicester,Ipswich,2,0,,,1,0,0,3,0,2,-2
2024/2025,2025-05-18 14:00:00+00:00,Brentford,Fulham,2,3,,,0,0,1,0,3,-1,1
2024/2025,2025-05-18 15:30:00+00:00,Arsenal,Newcastle,1,0,,,1,0,0,3,0,1,-1
2024/2025,2025-05-19 19:00:00+00:00,Brighton,Liverpool,3,2,,,1,0,0,3,0,1,-1
2024/2025,2025-05-20 19:00:00+00:00,Crystal Palace,Wolves,4,2,,,1,0,0,3,0,2,-2
2024/2025,2025-05-20 19:00:00+00:00,Manchester City,Bournemouth,3,1,,,1,0,0,3,0,2,-2
2024/2025,2025-05-25 15:00:00+00:00,Southampton,Arsenal,1,2,,,0,0,1,0,3,-1,1
2024/2025,2025-05-25 15:00:00+00:00,Liverpool,Crystal Palace,1,1,,,0,1,0,1,1,0,0
2024/2025,2025-05-25 15:00:00+00:00,Tottenham,Brighton,1,4,,,0,0,1,0,3,-3,3
2024/2025,2025-05-25 15:00:00+00:00,Wolves,Brentford,1,1,,,0,1,0,1,1,0,0
2024/2025,2025-05-25 15:00:00+00:00,Ipswich,West Ham,1,3,,,0,0,1,0,3,-2,2
2024/2025,2025-05-25 15:00:00+00:00,Bournemouth,Leicester,2,0,,,1,0,0,3,0,2,-2
2024/2025,2025-05-25 15:00:00+00:00,Newcastle,Everton,0,1,,,0,0,1,0,3,-1,1
2024/2025,2025-05-25 15:00:00+00:00,Manchester United,Aston Villa,2,0,,,1,0,0,3,0,2,-2
2024/2025,2025-05-25 15:00:00+00:00,Fulham,Manchester City,0,2,,,0,0,1,0,3,-2,2
2024/2025,2025-05-25 15:00:00+00:00,Nottingham Forest,Chelsea,0,1,,,0,0,1,0,3,-1,1
